-- phpMyAdmin SQL Dump
-- version 4.9.5deb2
-- https://www.phpmyadmin.net/
--
-- Host: localhost:3306
-- Czas generowania: 02 Sty 2021, 18:06
-- Wersja serwera: 8.0.22-0ubuntu0.20.04.3
-- Wersja PHP: 7.4.3

SET SQL_MODE = "NO_AUTO_VALUE_ON_ZERO";
SET AUTOCOMMIT = 0;
START TRANSACTION;
SET time_zone = "+00:00";


/*!40101 SET @OLD_CHARACTER_SET_CLIENT=@@CHARACTER_SET_CLIENT */;
/*!40101 SET @OLD_CHARACTER_SET_RESULTS=@@CHARACTER_SET_RESULTS */;
/*!40101 SET @OLD_COLLATION_CONNECTION=@@COLLATION_CONNECTION */;
/*!40101 SET NAMES utf8mb4 */;

--
-- Baza danych: `tarbus`
--

-- --------------------------------------------------------

--
-- Struktura tabeli dla tabeli `BusLine`
--

CREATE TABLE `BusLine` (
  `bus_line_id` int NOT NULL,
  `bus_line_name` varchar(4) CHARACTER SET utf8mb4 COLLATE utf8mb4_0900_ai_ci NOT NULL
) ENGINE=InnoDB DEFAULT CHARSET=utf8mb4 COLLATE=utf8mb4_0900_ai_ci;

--
-- Zrzut danych tabeli `BusLine`
--

INSERT INTO `BusLine` (`bus_line_id`, `bus_line_name`) VALUES
(1, 'T10');

-- --------------------------------------------------------

--
-- Struktura tabeli dla tabeli `BusStop`
--

CREATE TABLE `BusStop` (
  `bus_stop_number` int NOT NULL,
  `bus_stop_name` text CHARACTER SET utf8mb4 COLLATE utf8mb4_0900_ai_ci NOT NULL,
  `bus_stop_type` varchar(20) CHARACTER SET utf8mb4 COLLATE utf8mb4_0900_ai_ci NOT NULL,
  `is_city` int NOT NULL
) ENGINE=InnoDB DEFAULT CHARSET=utf8mb4 COLLATE=utf8mb4_0900_ai_ci;

--
-- Zrzut danych tabeli `BusStop`
--

INSERT INTO `BusStop` (`bus_stop_number`, `bus_stop_name`, `bus_stop_type`, `is_city`) VALUES
(1, 'Wola Rzędzińska - Szkoła', 'Gminna', 0),
(2, 'Wola Rzędzińska - Przejazd PKP', 'Powiatowa', 0),
(3, 'Wola Rzędzińska - Ferma', 'Gminna', 0),
(4, 'Wola Rzędzińska - Sklep II', 'Gminna', 0),
(5, 'Jodłówka - Wałki - Górówka Zachodnia', 'Gminna', 0),
(6, 'Wola Rzędzińska - II', 'Gminna', 0),
(7, 'Jodłówka - Wałki - Zapole', 'Gminna', 0),
(8, 'Wola Rzędzińska - Sklep I', 'Gminna', 0),
(9, 'Jodłówka - Wałki - Dół', 'Powiatowa', 0),
(10, 'Wola Rzędzińska - Mrozówka', 'Gminna', 0),
(11, 'Wola Rzędzińska - Polmark', 'Gminna', 0),
(12, 'Wola Rzędzińska - Krzyżówka', 'Gminna', 0),
(13, 'Jodłówka - Wałki Górówka', 'Powiatowa', 0),
(14, 'Wola Rzędzińska - Mrozówka', 'Powiatowa', 0),
(15, 'Jodłówka - Wałki - Szkoła', 'Powiatowa', 0),
(16, 'Wola Rzędzińska - Podlesie', 'Powiatowa', 0),
(17, 'Jodłówka - Wałki Centrum', 'Powiatowa', 0),
(18, 'Wola Rzędzińska - Ochronka', 'Powiatowa', 0),
(19, 'Jodłówka - Wałki - Lekarz', 'Powiatowa', 0),
(20, 'Wola Rzędzińska - Dom Strażaka', 'Powiatowa', 0),
(21, 'Jodłówka - Wałki - Granica', 'Powiatowa', 0),
(22, 'Wola Rzędzińska - Kuźnia', 'Powiatowa', 0),
(23, 'Wola Rzędzińska - Tarel', 'Powiatowa', 0),
(24, 'Wola Rzędzińska - Sklep', 'Powiatowa', 0),
(25, 'Wola Rzędzińska - Kuźnia', 'Powiatowa', 0),
(26, 'Jodłówka - Wałki - Granica', 'Powiatowa', 0),
(27, 'Wola Rzędzińska - Dom Strażaka', 'Powiatowa', 0),
(28, 'Jodłówka - Wałki - Lekarz', 'Powiatowa', 0),
(29, 'Wola Rzędzińska - Ochronka', 'Powiatowa', 0),
(30, 'Jodłówka - Wałki - Centrum', 'Powiatowa', 0),
(31, 'Wola Rzędzińska - Podlesie', 'Powiatowa', 0),
(32, 'Jodłówka - Wałki - Szkoła', 'Powiatowa', 0),
(33, 'Wola Rzędzińska - Mrozówka', 'Powiatowa', 0),
(34, 'Jodłówka - Wałki - Górówka', 'Powiatowa', 0),
(35, 'Wola Rzędzińska - Kapliczka', 'Powiatowa', 0),
(36, 'Jodłówka - Wałki - Las', 'Powiatowa', 0),
(37, 'Wola Rzędzińska - Droga do Zaczarnia', 'Powiatowa', 0),
(39, 'Wola Rzędzińska - Kościół', 'Powiatowa', 0),
(41, 'Wola Rzędzińska - Boisko', 'Powiatowa', 0),
(43, 'Wola Rzędzińska - Zlewnia', 'Powiatowa', 0),
(45, 'Wola Rzędzińska - Przejazd PKP', 'Powiatowa', 0),
(97, 'Tarnów, Orkana 07 - Granica Miasta', 'Powiatowa', 1),
(98, 'Tarnów, Orkana 03 - Remiza', 'Powiatowa', 1),
(99, 'Tarnów, Orkana 01 - Szkoła', 'Powiatowa', 1),
(103, 'Tarnów, Starodąbrowska 01 - Mickiewicza', 'Powiatowa', 1),
(130, 'Tarnów, Starodąbrowska 02 - Lwowska', 'Powiatowa', 1),
(131, 'Tarnów, Mickiewicza 04 - Poczta', 'Powiatowa', 1),
(132, 'Tarnów, Solidarności 02 - Seminarium', 'Powiatowa', 1),
(133, 'Tarnów, Al. Solidarności 01 - Klikowska', 'Powiatowa', 1),
(135, 'Tarnów, Kochanowskiego 01 - Konopnickiej', 'Gminna', 1),
(136, 'Tarnów, Kochanowskiego 03 - Chyszowska ', 'Gminna', 1),
(324, 'Tarnów, Rozwojowa 01', 'Gminna', 1),
(325, 'Tarnów, Wody 01 - Rozwojowa', 'Gminna', 1),
(329, 'Tarnów, Zakłady Mechaniczne 01', 'Gminna', 1),
(395, 'Tarnów, Orkana 05 - Pętla', 'Powiatowa', 1),
(502, 'Tarnów, Lwowska 07 - Burtnicza', 'Powiatowa', 1),
(503, 'Tarnów, Lwowska 05 - Kowalska', 'Powiatowa', 1),
(504, 'Tarnów, Lwowska 03 - Mostowa', 'Powiatowa', 1),
(508, 'Tarnów, Sikorskiego 02', 'Powiatowa', 1),
(510, 'Tarnów, Krakowska 02 - Planty', 'Powiatowa', 1),
(597, 'Tarnów, Orkana 08 - Granica Miasta', 'Powiatowa', 1),
(598, 'Tarnów, Orkana 04 - Remiza', 'Powiatowa', 1),
(599, 'Tarnów, Orkana 02 - Szkoła', 'Powiatowa', 1),
(602, 'Tarnów, Solidarności 04 - Grottgera', 'Powiatowa', 1),
(635, 'Tarnów, Kochanowskiego 02 - Wiadukt', 'Gminna', 1),
(895, 'Tarnów, Orkana 06 - Pętla', 'Powiatowa', 1),
(901, 'Wola Rzędzińska - Polmark', 'Gminna', 0),
(902, 'Wola Rzędzińska - Zlewnia', 'Powiatowa', 0),
(903, 'Wola Rzędzińska - Boisko', 'Powiatowa', 0),
(904, 'Wola Rzędzińska - Kościół', 'Powiatowa', 0),
(905, 'Wola Rzędzińska - Droga do Zaczarnia', 'Powiatowa', 0),
(906, 'Wola Rzędzińska - Kapliczka', 'Powiatowa', 0),
(907, 'Jodłówka - Wałki - SZKOŁA', 'Gminna', 0),
(908, 'Jodłówka - Wałki - Szpic', 'Gminna', 0),
(909, 'Jodłówka - Wałki - Pętla ', 'Gminna', 0),
(910, 'Jodłówka - Wałki Szpic', 'Gminna', 0),
(911, 'Jodłówka - Wałki - Zapole', 'Gminna', 0),
(912, 'Jodłówka - Wałki - Dół', 'Powiatowa', 0),
(913, 'Jodłówka - Wałki - Górówka Zachodnia', 'Gminna', 0),
(914, 'Wola Rzędzińska - Szkoła', 'Gminna', 0),
(915, 'Wola Rzędzińska - Krzyżówka', 'Gminna', 0),
(916, 'Wola Rzędzińska - Ferma', 'Gminna', 0),
(917, 'Wola Rzędzińska - Mrozówka', 'Gminna', 0),
(918, 'Wola Rzędzińska - Sklep I', 'Gminna', 0),
(919, 'Wola Rzędzińska - II', 'Gminna', 0),
(920, 'Wola Rzędzińska - Sklep II', 'Gminna', 0),
(921, 'Tarnów, Lwowska 08 - Kościół', 'Powiatowa', 1),
(922, 'Tarnów, Lwowska 06 - Jasna', 'Powiatowa', 1),
(923, 'Tarnów, Lwowska 04 - Krupnicza', 'Powiatowa', 1),
(924, 'Tarnów, Kochanowskiego 03 - Chyszowska', 'Gminna', 1),
(925, 'Jodłówka - Wałki - Las', 'Powiatowa', 0);

-- --------------------------------------------------------

--
-- Struktura tabeli dla tabeli `Departure`
--

CREATE TABLE `Departure` (
  `departure_id` int NOT NULL,
  `departure_bus_stop_number` int NOT NULL,
  `departure_track_id` int NOT NULL,
  `departure_bus_line_id` int NOT NULL,
  `time_in_sec` int NOT NULL
) ENGINE=InnoDB DEFAULT CHARSET=utf8mb4 COLLATE=utf8mb4_0900_ai_ci;

--
-- Zrzut danych tabeli `Departure`
--

INSERT INTO `Departure` (`departure_id`, `departure_bus_stop_number`, `departure_track_id`, `departure_bus_line_id`, `time_in_sec`) VALUES
(1, 136, 5, 1, 24120),
(2, 635, 5, 1, 24180),
(3, 510, 3, 1, 20160),
(4, 510, 5, 1, 24360),
(5, 510, 6, 1, 30660),
(6, 510, 7, 1, 33960),
(7, 510, 8, 1, 38760),
(8, 510, 9, 1, 42960),
(9, 510, 10, 1, 48600),
(10, 510, 11, 1, 57600),
(11, 510, 12, 1, 67560),
(12, 510, 14, 1, 27660),
(13, 510, 15, 1, 41460),
(14, 602, 3, 1, 20460),
(15, 602, 5, 1, 24660),
(16, 602, 6, 1, 30960),
(17, 602, 7, 1, 34260),
(18, 602, 8, 1, 39060),
(19, 602, 9, 1, 43260),
(20, 602, 10, 1, 48900),
(21, 602, 11, 1, 57900),
(22, 602, 12, 1, 67860),
(23, 602, 14, 1, 27960),
(24, 602, 15, 1, 41760),
(36, 130, 3, 1, 20580),
(37, 130, 5, 1, 24780),
(38, 130, 6, 1, 31140),
(39, 130, 7, 1, 34440),
(40, 130, 8, 1, 39240),
(41, 130, 9, 1, 43440),
(42, 130, 10, 1, 49080),
(43, 130, 11, 1, 58080),
(44, 130, 12, 1, 68040),
(45, 130, 14, 1, 28140),
(46, 130, 15, 1, 41940),
(47, 504, 3, 1, 20640),
(48, 504, 5, 1, 24840),
(49, 504, 6, 1, 31200),
(50, 504, 7, 1, 34500),
(51, 504, 8, 1, 39300),
(52, 504, 9, 1, 43500),
(53, 504, 10, 1, 49140),
(54, 504, 11, 1, 58140),
(55, 504, 12, 1, 68100),
(56, 504, 14, 1, 28200),
(57, 504, 15, 1, 42000),
(58, 503, 3, 1, 20700),
(59, 503, 5, 1, 24900),
(60, 503, 6, 1, 31260),
(61, 503, 7, 1, 34560),
(62, 503, 8, 1, 39360),
(63, 503, 9, 1, 43560),
(64, 503, 10, 1, 49200),
(65, 503, 11, 1, 58200),
(66, 503, 12, 1, 68160),
(67, 503, 14, 1, 28320),
(68, 503, 15, 1, 42120),
(69, 502, 3, 1, 20760),
(70, 502, 5, 1, 24960),
(71, 502, 6, 1, 31320),
(72, 502, 7, 1, 34620),
(73, 502, 8, 1, 39420),
(74, 502, 9, 1, 43620),
(75, 502, 10, 1, 49260),
(76, 502, 11, 1, 58260),
(77, 502, 12, 1, 68220),
(78, 502, 14, 1, 28380),
(79, 502, 15, 1, 42180),
(80, 99, 1, 1, 16080),
(81, 99, 2, 1, 19200),
(82, 99, 3, 1, 20820),
(83, 99, 4, 1, 22380),
(84, 99, 5, 1, 25080),
(85, 99, 6, 1, 31440),
(86, 99, 7, 1, 34740),
(87, 99, 8, 1, 39540),
(88, 99, 9, 1, 43740),
(89, 99, 10, 1, 49380),
(90, 99, 11, 1, 58380),
(91, 99, 12, 1, 68340),
(92, 99, 13, 1, 18180),
(93, 99, 14, 1, 28440),
(94, 99, 15, 1, 42300),
(95, 132, 3, 1, 20520),
(96, 132, 5, 1, 24720),
(97, 132, 6, 1, 31080),
(98, 132, 7, 1, 34380),
(99, 132, 8, 1, 39180),
(100, 132, 9, 1, 43380),
(101, 132, 10, 1, 49020),
(102, 132, 11, 1, 58020),
(103, 132, 12, 1, 67980),
(104, 132, 14, 1, 28020),
(105, 132, 15, 1, 41820),
(106, 98, 1, 1, 16140),
(107, 98, 2, 1, 19260),
(108, 98, 3, 1, 20880),
(109, 98, 4, 1, 22440),
(110, 98, 5, 1, 25140),
(111, 98, 6, 1, 31500),
(112, 98, 7, 1, 34800),
(113, 98, 8, 1, 39600),
(114, 98, 9, 1, 43800),
(115, 98, 10, 1, 49440),
(116, 98, 11, 1, 58440),
(117, 98, 12, 1, 68400),
(118, 98, 13, 1, 18240),
(119, 98, 14, 1, 28500),
(120, 98, 15, 1, 42360),
(121, 395, 1, 1, 16200),
(122, 395, 2, 1, 19320),
(123, 395, 3, 1, 20940),
(124, 395, 4, 1, 22500),
(125, 395, 5, 1, 25200),
(126, 395, 6, 1, 31560),
(127, 395, 7, 1, 34860),
(128, 395, 8, 1, 39660),
(129, 395, 9, 1, 43860),
(130, 395, 10, 1, 49500),
(131, 395, 11, 1, 58500),
(132, 395, 12, 1, 68460),
(133, 395, 13, 1, 18300),
(134, 395, 14, 1, 28560),
(135, 395, 15, 1, 42420),
(136, 97, 1, 1, 16260),
(137, 97, 2, 1, 19380),
(138, 97, 3, 1, 21000),
(139, 97, 4, 1, 22560),
(140, 97, 5, 1, 25260),
(141, 97, 6, 1, 31620),
(142, 97, 7, 1, 34920),
(143, 97, 8, 1, 39720),
(144, 97, 9, 1, 43920),
(145, 97, 10, 1, 49560),
(146, 97, 11, 1, 58560),
(147, 97, 12, 1, 68520),
(148, 97, 13, 1, 18360),
(149, 97, 14, 1, 28620),
(150, 97, 15, 1, 42480),
(151, 2, 1, 1, 16320),
(152, 2, 2, 1, 19440),
(153, 2, 3, 1, 21060),
(154, 2, 4, 1, 22620),
(155, 2, 5, 1, 25320),
(156, 2, 6, 1, 31680),
(157, 2, 7, 1, 34980),
(158, 2, 8, 1, 39780),
(159, 2, 9, 1, 43980),
(160, 2, 10, 1, 49620),
(161, 2, 11, 1, 58620),
(162, 2, 12, 1, 68580),
(163, 2, 13, 1, 18420),
(164, 2, 14, 1, 28680),
(165, 2, 15, 1, 42540),
(166, 901, 2, 1, 19500),
(167, 901, 5, 1, 25380),
(168, 901, 6, 1, 31740),
(170, 901, 8, 1, 39840),
(172, 901, 10, 1, 49680),
(173, 901, 11, 1, 58680),
(174, 901, 12, 1, 68640),
(175, 901, 13, 1, 18480),
(176, 901, 14, 1, 28740),
(177, 901, 15, 1, 42600),
(178, 4, 2, 1, 19560),
(179, 4, 5, 1, 25440),
(180, 4, 6, 1, 31800),
(181, 4, 8, 1, 39900),
(182, 4, 11, 1, 58740),
(183, 4, 12, 1, 68700),
(184, 4, 13, 1, 18540),
(185, 4, 14, 1, 28800),
(186, 4, 15, 1, 42660),
(187, 6, 2, 1, 19620),
(188, 6, 5, 1, 25500),
(189, 6, 6, 1, 31860),
(190, 6, 8, 1, 39960),
(191, 6, 10, 1, 49800),
(192, 6, 11, 1, 58800),
(193, 6, 12, 1, 68760),
(194, 6, 13, 1, 18600),
(195, 6, 14, 1, 28860),
(196, 6, 15, 1, 42720),
(197, 8, 2, 1, 19680),
(198, 8, 5, 1, 25560),
(199, 8, 6, 1, 31920),
(200, 8, 8, 1, 40020),
(201, 8, 10, 1, 49860),
(202, 8, 11, 1, 58860),
(203, 8, 12, 1, 68820),
(204, 8, 13, 1, 18660),
(205, 8, 14, 1, 28920),
(206, 8, 15, 1, 42780),
(207, 10, 2, 1, 19740),
(208, 10, 5, 1, 25620),
(209, 10, 6, 1, 31980),
(210, 10, 8, 1, 40080),
(211, 10, 10, 1, 49920),
(212, 10, 11, 1, 58920),
(213, 10, 12, 1, 68880),
(214, 10, 13, 1, 18720),
(215, 10, 14, 1, 28980),
(216, 10, 15, 1, 42840),
(217, 12, 2, 1, 19860),
(218, 12, 5, 1, 25740),
(219, 12, 6, 1, 32100),
(220, 12, 8, 1, 40200),
(221, 12, 10, 1, 50040),
(222, 12, 11, 1, 59040),
(223, 12, 12, 1, 69000),
(224, 12, 13, 1, 18840),
(225, 12, 14, 1, 29100),
(226, 12, 15, 1, 42960),
(227, 902, 1, 1, 16380),
(229, 902, 3, 1, 21120),
(230, 902, 4, 1, 22680),
(231, 902, 7, 1, 35040),
(232, 902, 9, 1, 44040),
(233, 903, 1, 1, 16440),
(234, 903, 3, 1, 21180),
(235, 903, 4, 1, 22740),
(236, 903, 7, 1, 35100),
(237, 903, 9, 1, 44100),
(238, 904, 1, 1, 16500),
(239, 904, 3, 1, 21240),
(240, 904, 4, 1, 22860),
(241, 904, 7, 1, 35220),
(242, 904, 9, 1, 44220),
(243, 905, 1, 1, 16560),
(244, 905, 2, 1, 19920),
(245, 905, 3, 1, 21300),
(246, 905, 4, 1, 22920),
(247, 905, 5, 1, 25860),
(248, 905, 6, 1, 32220),
(249, 905, 7, 1, 35340),
(250, 905, 8, 1, 40320),
(251, 905, 9, 1, 44340),
(252, 905, 10, 1, 50160),
(253, 905, 11, 1, 59160),
(254, 905, 12, 1, 69060),
(255, 905, 13, 1, 18960),
(256, 905, 14, 1, 29220),
(257, 905, 15, 1, 43080),
(258, 906, 1, 1, 16620),
(259, 906, 2, 1, 19980),
(260, 906, 3, 1, 21360),
(261, 906, 4, 1, 22980),
(262, 906, 5, 1, 25920),
(263, 906, 6, 1, 32280),
(264, 906, 7, 1, 35400),
(265, 906, 8, 1, 40380),
(266, 906, 9, 1, 44400),
(267, 906, 10, 1, 50220),
(268, 906, 11, 1, 59220),
(269, 906, 12, 1, 69120),
(270, 906, 13, 1, 19020),
(271, 906, 14, 1, 29280),
(272, 906, 15, 1, 43140),
(273, 14, 1, 1, 16680),
(274, 14, 2, 1, 20040),
(275, 14, 3, 1, 21420),
(276, 14, 4, 1, 23040),
(277, 14, 5, 1, 25980),
(278, 14, 6, 1, 32340),
(279, 14, 7, 1, 35460),
(280, 14, 8, 1, 40440),
(281, 14, 9, 1, 44460),
(282, 14, 10, 1, 50280),
(283, 14, 11, 1, 59280),
(284, 14, 12, 1, 69180),
(285, 14, 13, 1, 19080),
(286, 14, 14, 1, 29340),
(287, 14, 15, 1, 43200),
(303, 16, 1, 1, 16740),
(304, 16, 2, 1, 20100),
(305, 16, 3, 1, 21480),
(306, 16, 4, 1, 23100),
(307, 16, 5, 1, 26040),
(308, 16, 6, 1, 32400),
(309, 16, 7, 1, 35520),
(310, 16, 8, 1, 40500),
(311, 16, 9, 1, 44520),
(312, 16, 10, 1, 50340),
(313, 16, 11, 1, 59340),
(314, 16, 12, 1, 69240),
(315, 16, 13, 1, 19140),
(316, 16, 14, 1, 29400),
(317, 16, 15, 1, 43260),
(318, 18, 1, 1, 16800),
(319, 18, 2, 1, 20160),
(320, 18, 3, 1, 21540),
(321, 18, 4, 1, 23160),
(322, 18, 5, 1, 26100),
(323, 18, 6, 1, 32460),
(324, 18, 7, 1, 35580),
(325, 18, 8, 1, 40560),
(326, 18, 9, 1, 44580),
(327, 18, 10, 1, 50460),
(328, 18, 11, 1, 59460),
(329, 18, 12, 1, 69300),
(330, 18, 13, 1, 19200),
(331, 18, 14, 1, 29460),
(332, 18, 15, 1, 43320),
(333, 1, 1, 1, 16860),
(334, 1, 2, 1, 20220),
(335, 1, 3, 1, 21600),
(336, 1, 4, 1, 23220),
(337, 1, 5, 1, 26160),
(338, 1, 6, 1, 32520),
(339, 1, 7, 1, 35640),
(340, 1, 8, 1, 40620),
(341, 1, 9, 1, 44640),
(342, 1, 10, 1, 50520),
(343, 1, 11, 1, 59520),
(344, 1, 12, 1, 69360),
(345, 1, 13, 1, 19260),
(346, 1, 14, 1, 29520),
(347, 1, 15, 1, 43380),
(348, 3, 1, 1, 16920),
(349, 3, 2, 1, 20280),
(350, 3, 3, 1, 21660),
(351, 3, 4, 1, 23280),
(352, 3, 5, 1, 26220),
(353, 3, 6, 1, 32580),
(354, 3, 7, 1, 35700),
(355, 3, 8, 1, 40680),
(356, 3, 9, 1, 44700),
(357, 3, 10, 1, 50580),
(358, 3, 11, 1, 59580),
(359, 3, 12, 1, 69420),
(360, 3, 13, 1, 19320),
(361, 3, 14, 1, 29580),
(362, 3, 15, 1, 43440),
(363, 5, 1, 1, 16980),
(364, 5, 2, 1, 20340),
(365, 5, 3, 1, 21720),
(366, 5, 4, 1, 23340),
(367, 5, 5, 1, 26280),
(368, 5, 6, 1, 32640),
(369, 5, 7, 1, 35760),
(370, 5, 8, 1, 40740),
(371, 5, 9, 1, 44760),
(372, 5, 10, 1, 50640),
(373, 5, 11, 1, 59640),
(374, 5, 12, 1, 69480),
(375, 5, 13, 1, 19380),
(376, 5, 14, 1, 29640),
(377, 5, 15, 1, 43500),
(378, 7, 2, 1, 20400),
(379, 7, 5, 1, 26400),
(380, 7, 6, 1, 32760),
(381, 7, 8, 1, 40860),
(382, 7, 10, 1, 50760),
(383, 7, 11, 1, 59760),
(384, 7, 12, 1, 69540),
(385, 7, 13, 1, 19440),
(386, 7, 14, 1, 29700),
(387, 7, 15, 1, 43560),
(388, 36, 2, 1, 20460),
(389, 36, 5, 1, 26460),
(390, 36, 6, 1, 32820),
(391, 36, 8, 1, 40920),
(392, 36, 10, 1, 50820),
(393, 36, 11, 1, 59820),
(394, 36, 12, 1, 69600),
(395, 36, 13, 1, 19500),
(396, 36, 14, 1, 29760),
(397, 36, 15, 1, 43620),
(398, 9, 2, 1, 20520),
(399, 9, 5, 1, 26520),
(400, 9, 6, 1, 32880),
(401, 9, 8, 1, 40980),
(402, 9, 10, 1, 50880),
(403, 9, 11, 1, 59880),
(404, 9, 12, 1, 69660),
(405, 9, 13, 1, 19560),
(406, 9, 14, 1, 29820),
(407, 9, 15, 1, 43680),
(408, 136, 18, 1, 23400),
(409, 136, 20, 1, 27000),
(410, 136, 21, 1, 29100),
(411, 136, 27, 1, 52500),
(412, 136, 29, 1, 56400),
(413, 324, 29, 1, 56460),
(414, 325, 29, 1, 56520),
(415, 329, 29, 1, 56580),
(416, 635, 18, 1, 23460),
(417, 635, 20, 1, 27060),
(418, 635, 21, 1, 29160),
(419, 635, 27, 1, 52560),
(420, 635, 29, 1, 56640),
(421, 510, 16, 1, 17760),
(423, 510, 18, 1, 23640),
(424, 510, 19, 1, 25260),
(425, 510, 20, 1, 27240),
(426, 510, 21, 1, 29340),
(427, 510, 22, 1, 36660),
(428, 510, 23, 1, 40560),
(429, 510, 24, 1, 44760),
(430, 510, 25, 1, 46560),
(431, 510, 26, 1, 50760),
(432, 510, 27, 1, 52740),
(433, 510, 28, 1, 54660),
(434, 510, 29, 1, 56820),
(435, 510, 30, 1, 59700),
(436, 510, 31, 1, 61860),
(437, 510, 32, 1, 63660),
(438, 510, 33, 1, 65460),
(439, 510, 34, 1, 69840),
(440, 510, 35, 1, 75360),
(441, 602, 16, 1, 18060),
(442, 602, 18, 1, 23940),
(443, 602, 19, 1, 25560),
(444, 602, 20, 1, 27540),
(445, 602, 21, 1, 29640),
(446, 602, 22, 1, 36960),
(447, 602, 23, 1, 40860),
(448, 602, 24, 1, 45060),
(449, 602, 25, 1, 46860),
(450, 602, 26, 1, 51060),
(451, 602, 27, 1, 53040),
(452, 602, 28, 1, 54960),
(453, 602, 29, 1, 57120),
(454, 602, 30, 1, 60000),
(455, 602, 31, 1, 62160),
(456, 602, 32, 1, 63960),
(457, 602, 33, 1, 65760),
(458, 602, 34, 1, 70140),
(459, 602, 35, 1, 75660),
(460, 132, 16, 1, 18120),
(461, 132, 18, 1, 24000),
(462, 132, 19, 1, 25620),
(463, 132, 20, 1, 27600),
(464, 132, 21, 1, 29760),
(465, 132, 22, 1, 37080),
(466, 132, 23, 1, 40980),
(467, 132, 24, 1, 45180),
(468, 132, 25, 1, 46980),
(469, 132, 26, 1, 51180),
(470, 132, 27, 1, 53160),
(471, 132, 28, 1, 55080),
(472, 132, 29, 1, 57240),
(473, 132, 30, 1, 60120),
(474, 132, 31, 1, 62280),
(475, 132, 32, 1, 64080),
(476, 132, 33, 1, 65880),
(477, 132, 34, 1, 70260),
(478, 132, 35, 1, 75780),
(479, 130, 16, 1, 18240),
(480, 130, 18, 1, 24120),
(481, 130, 19, 1, 25740),
(482, 130, 20, 1, 27720),
(483, 130, 21, 1, 29880),
(484, 130, 22, 1, 37200),
(485, 130, 23, 1, 41100),
(486, 130, 24, 1, 45300),
(487, 130, 25, 1, 47100),
(488, 130, 26, 1, 51300),
(489, 130, 27, 1, 53280),
(490, 130, 28, 1, 55200),
(491, 130, 29, 1, 57360),
(492, 130, 30, 1, 60240),
(493, 130, 31, 1, 62400),
(494, 130, 32, 1, 64200),
(495, 130, 33, 1, 66000),
(496, 130, 34, 1, 70380),
(497, 130, 35, 1, 75900),
(498, 504, 16, 1, 18300),
(499, 504, 18, 1, 24180),
(500, 504, 19, 1, 25800),
(501, 504, 20, 1, 27780),
(502, 504, 21, 1, 29940),
(503, 504, 22, 1, 37260),
(504, 504, 23, 1, 41160),
(505, 504, 24, 1, 45360),
(506, 504, 25, 1, 47160),
(507, 504, 26, 1, 51360),
(508, 504, 27, 1, 53340),
(509, 504, 28, 1, 55260),
(510, 504, 29, 1, 57420),
(511, 504, 30, 1, 60300),
(512, 504, 31, 1, 62460),
(513, 504, 32, 1, 64260),
(514, 504, 33, 1, 66060),
(515, 504, 34, 1, 70440),
(516, 504, 35, 1, 75960),
(517, 503, 16, 1, 18360),
(518, 503, 18, 1, 24240),
(519, 503, 19, 1, 25860),
(520, 503, 20, 1, 27840),
(521, 503, 21, 1, 30000),
(522, 503, 22, 1, 37320),
(523, 503, 23, 1, 41220),
(524, 503, 24, 1, 45420),
(525, 503, 25, 1, 47220),
(526, 503, 26, 1, 51420),
(527, 503, 27, 1, 53400),
(528, 503, 28, 1, 55320),
(529, 503, 29, 1, 57480),
(530, 503, 30, 1, 60360),
(531, 503, 31, 1, 62520),
(532, 503, 32, 1, 64320),
(533, 503, 33, 1, 66120),
(534, 503, 34, 1, 70500),
(535, 503, 35, 1, 76020),
(536, 502, 16, 1, 18420),
(537, 502, 18, 1, 24300),
(538, 502, 19, 1, 25920),
(539, 502, 20, 1, 27900),
(540, 502, 21, 1, 30060),
(541, 502, 22, 1, 37380),
(542, 502, 23, 1, 41280),
(543, 502, 24, 1, 45480),
(544, 502, 25, 1, 47280),
(545, 502, 26, 1, 51480),
(546, 502, 27, 1, 53460),
(547, 502, 28, 1, 55380),
(548, 502, 29, 1, 57540),
(549, 502, 30, 1, 60420),
(550, 502, 31, 1, 62580),
(551, 502, 32, 1, 64380),
(552, 502, 33, 1, 66180),
(553, 502, 34, 1, 70560),
(554, 502, 35, 1, 76080),
(555, 99, 16, 1, 18480),
(556, 99, 17, 1, 20580),
(557, 99, 18, 1, 24420),
(558, 99, 19, 1, 26040),
(559, 99, 20, 1, 28020),
(560, 99, 21, 1, 30180),
(561, 99, 22, 1, 37500),
(562, 99, 23, 1, 41400),
(563, 99, 24, 1, 45600),
(564, 99, 25, 1, 47400),
(565, 99, 26, 1, 51600),
(566, 99, 27, 1, 53580),
(567, 99, 28, 1, 55500),
(568, 99, 29, 1, 57660),
(569, 99, 30, 1, 60540),
(570, 99, 31, 1, 62700),
(571, 99, 32, 1, 64500),
(572, 99, 33, 1, 66300),
(573, 99, 34, 1, 70680),
(574, 99, 35, 1, 76140),
(575, 98, 16, 1, 18540),
(576, 98, 17, 1, 20640),
(577, 98, 18, 1, 24480),
(578, 98, 19, 1, 26100),
(579, 98, 20, 1, 28080),
(580, 98, 21, 1, 30240),
(581, 98, 22, 1, 37560),
(582, 98, 23, 1, 41460),
(583, 98, 24, 1, 45660),
(584, 98, 25, 1, 47460),
(585, 98, 26, 1, 51660),
(586, 98, 27, 1, 53640),
(587, 98, 28, 1, 55560),
(588, 98, 29, 1, 57720),
(589, 98, 30, 1, 60600),
(590, 98, 31, 1, 62760),
(591, 98, 32, 1, 64560),
(592, 98, 33, 1, 66360),
(593, 98, 34, 1, 70740),
(594, 98, 35, 1, 76200),
(595, 395, 16, 1, 18600),
(596, 395, 17, 1, 20700),
(597, 395, 18, 1, 24540),
(598, 395, 19, 1, 26160),
(599, 395, 20, 1, 28140),
(600, 395, 21, 1, 30300),
(601, 395, 22, 1, 37620),
(602, 395, 23, 1, 41520),
(603, 395, 24, 1, 45720),
(604, 395, 25, 1, 47520),
(605, 395, 26, 1, 51720),
(606, 395, 27, 1, 53700),
(607, 395, 28, 1, 55620),
(608, 395, 29, 1, 57780),
(609, 395, 30, 1, 60660),
(610, 395, 31, 1, 62820),
(611, 395, 32, 1, 64620),
(612, 395, 33, 1, 66420),
(613, 395, 34, 1, 70800),
(614, 395, 35, 1, 76260),
(615, 97, 16, 1, 18660),
(616, 97, 17, 1, 20760),
(617, 97, 18, 1, 24600),
(618, 97, 19, 1, 26220),
(619, 97, 20, 1, 28200),
(620, 97, 21, 1, 30360),
(621, 97, 22, 1, 37680),
(622, 97, 23, 1, 41580),
(623, 97, 24, 1, 45780),
(624, 97, 25, 1, 47580),
(625, 97, 26, 1, 51780),
(626, 97, 27, 1, 53760),
(627, 97, 28, 1, 55680),
(628, 97, 29, 1, 57840),
(629, 97, 30, 1, 60720),
(630, 97, 31, 1, 62880),
(631, 97, 32, 1, 64680),
(632, 97, 33, 1, 66480),
(633, 97, 34, 1, 70860),
(634, 97, 35, 1, 76320),
(635, 2, 16, 1, 18720),
(636, 2, 17, 1, 20820),
(637, 2, 18, 1, 24660),
(638, 2, 19, 1, 26280),
(639, 2, 20, 1, 28260),
(640, 2, 21, 1, 30420),
(641, 2, 22, 1, 37740),
(642, 2, 23, 1, 41640),
(643, 2, 24, 1, 45840),
(644, 2, 25, 1, 47640),
(645, 2, 26, 1, 51840),
(646, 2, 27, 1, 53820),
(647, 2, 28, 1, 55740),
(648, 2, 29, 1, 57900),
(649, 2, 30, 1, 60780),
(650, 2, 31, 1, 62940),
(651, 2, 32, 1, 64740),
(652, 2, 33, 1, 66540),
(653, 2, 34, 1, 70920),
(654, 2, 35, 1, 76380),
(655, 902, 16, 1, 18780),
(656, 902, 17, 1, 20880),
(657, 902, 18, 1, 24720),
(658, 902, 19, 1, 26340),
(659, 902, 20, 1, 28320),
(660, 902, 21, 1, 30480),
(661, 902, 22, 1, 37800),
(662, 902, 23, 1, 41700),
(663, 902, 24, 1, 45900),
(664, 902, 25, 1, 47700),
(665, 902, 26, 1, 51900),
(666, 902, 27, 1, 53880),
(667, 902, 28, 1, 55800),
(668, 902, 29, 1, 57960),
(669, 902, 30, 1, 60840),
(670, 902, 31, 1, 63000),
(671, 902, 32, 1, 64800),
(672, 902, 33, 1, 66600),
(673, 902, 34, 1, 70980),
(674, 902, 35, 1, 76440),
(675, 903, 16, 1, 18840),
(676, 903, 17, 1, 20940),
(677, 903, 18, 1, 24780),
(678, 903, 19, 1, 26400),
(679, 903, 20, 1, 28380),
(680, 903, 21, 1, 30540),
(681, 903, 22, 1, 37860),
(682, 903, 23, 1, 41760),
(683, 903, 24, 1, 45960),
(684, 903, 25, 1, 47760),
(685, 903, 26, 1, 51960),
(686, 903, 27, 1, 53940),
(687, 903, 28, 1, 55860),
(688, 903, 29, 1, 58020),
(689, 903, 30, 1, 60900),
(690, 903, 31, 1, 63060),
(691, 903, 32, 1, 64860),
(692, 903, 33, 1, 66660),
(693, 903, 34, 1, 71040),
(694, 903, 35, 1, 76500),
(695, 904, 16, 1, 18900),
(696, 904, 17, 1, 21000),
(697, 904, 18, 1, 24900),
(698, 904, 19, 1, 26520),
(699, 904, 20, 1, 28500),
(700, 904, 21, 1, 30660),
(701, 904, 22, 1, 37980),
(702, 904, 23, 1, 41880),
(703, 904, 24, 1, 46080),
(704, 904, 25, 1, 47880),
(705, 904, 26, 1, 52080),
(706, 904, 27, 1, 54060),
(707, 904, 28, 1, 55980),
(708, 904, 29, 1, 58140),
(709, 904, 30, 1, 61020),
(710, 904, 31, 1, 63180),
(711, 904, 32, 1, 64980),
(712, 904, 33, 1, 66780),
(713, 904, 34, 1, 71160),
(714, 904, 35, 1, 76560),
(715, 905, 16, 1, 18960),
(716, 905, 17, 1, 21060),
(717, 905, 18, 1, 24960),
(718, 905, 19, 1, 26640),
(719, 905, 20, 1, 28620),
(720, 905, 21, 1, 30780),
(721, 905, 22, 1, 38100),
(722, 905, 23, 1, 42000),
(723, 905, 24, 1, 46200),
(724, 905, 25, 1, 48000),
(725, 905, 26, 1, 52200),
(726, 905, 27, 1, 54180),
(727, 905, 28, 1, 56100),
(728, 905, 29, 1, 58260),
(729, 905, 30, 1, 61140),
(730, 905, 31, 1, 63300),
(731, 905, 32, 1, 65040),
(732, 905, 33, 1, 66840),
(733, 905, 34, 1, 71220),
(734, 905, 35, 1, 76620),
(735, 906, 16, 1, 19020),
(736, 906, 17, 1, 21120),
(737, 906, 18, 1, 25020),
(738, 906, 19, 1, 26700),
(739, 906, 20, 1, 28680),
(740, 906, 21, 1, 30840),
(741, 906, 22, 1, 38160),
(742, 906, 23, 1, 42060),
(743, 906, 24, 1, 46260),
(744, 906, 25, 1, 48060),
(745, 906, 26, 1, 52260),
(746, 906, 27, 1, 54240),
(747, 906, 28, 1, 56160),
(748, 906, 29, 1, 58320),
(749, 906, 30, 1, 61200),
(750, 906, 31, 1, 63360),
(751, 906, 32, 1, 65100),
(752, 906, 33, 1, 66900),
(753, 906, 34, 1, 71280),
(754, 906, 35, 1, 76680),
(755, 14, 16, 1, 19080),
(756, 14, 17, 1, 21180),
(757, 14, 18, 1, 25080),
(758, 14, 19, 1, 26760),
(759, 14, 20, 1, 28740),
(760, 14, 21, 1, 30900),
(761, 14, 22, 1, 38220),
(762, 14, 23, 1, 42120),
(763, 14, 24, 1, 46320),
(764, 14, 25, 1, 48120),
(765, 14, 26, 1, 52320),
(766, 14, 27, 1, 54300),
(767, 14, 28, 1, 56220),
(768, 14, 29, 1, 58380),
(769, 14, 30, 1, 61260),
(770, 14, 31, 1, 63420),
(771, 14, 32, 1, 65160),
(772, 14, 33, 1, 66960),
(773, 14, 34, 1, 71340),
(774, 14, 35, 1, 76740),
(775, 16, 16, 1, 19140),
(776, 16, 17, 1, 21240),
(777, 16, 18, 1, 25140),
(778, 16, 19, 1, 26820),
(779, 16, 20, 1, 28800),
(780, 16, 21, 1, 30960),
(781, 16, 22, 1, 38280),
(782, 16, 23, 1, 42180),
(783, 16, 24, 1, 46380),
(784, 16, 25, 1, 48180),
(785, 16, 26, 1, 52380),
(786, 16, 27, 1, 54360),
(787, 16, 28, 1, 56280),
(788, 16, 29, 1, 58440),
(789, 16, 30, 1, 61320),
(790, 16, 31, 1, 63480),
(791, 16, 32, 1, 65220),
(792, 16, 33, 1, 67020),
(793, 16, 34, 1, 71400),
(794, 16, 35, 1, 76800),
(795, 18, 16, 1, 19200),
(796, 18, 17, 1, 21300),
(797, 18, 18, 1, 25200),
(798, 18, 19, 1, 26880),
(799, 18, 20, 1, 28860),
(800, 18, 21, 1, 31020),
(801, 18, 22, 1, 38340),
(802, 18, 23, 1, 42240),
(803, 18, 24, 1, 46440),
(804, 18, 25, 1, 48240),
(805, 18, 26, 1, 52500),
(806, 18, 27, 1, 54480),
(807, 18, 28, 1, 56400),
(808, 18, 29, 1, 58500),
(809, 18, 30, 1, 61380),
(810, 18, 31, 1, 63540),
(811, 18, 32, 1, 65280),
(812, 18, 33, 1, 67080),
(813, 18, 34, 1, 71460),
(814, 18, 35, 1, 76860),
(815, 20, 16, 1, 19260),
(816, 20, 17, 1, 21360),
(817, 20, 18, 1, 25260),
(818, 20, 19, 1, 26940),
(819, 20, 20, 1, 28920),
(820, 20, 21, 1, 31080),
(821, 20, 22, 1, 38400),
(822, 20, 23, 1, 42300),
(823, 20, 24, 1, 46500),
(824, 20, 25, 1, 48300),
(825, 20, 26, 1, 52560),
(826, 20, 27, 1, 54540),
(827, 20, 28, 1, 56460),
(828, 20, 29, 1, 58560),
(829, 20, 30, 1, 61440),
(830, 20, 31, 1, 63600),
(831, 20, 32, 1, 65340),
(832, 20, 33, 1, 67140),
(833, 20, 34, 1, 71520),
(834, 20, 35, 1, 76920),
(835, 22, 16, 1, 19320),
(836, 22, 17, 1, 21420),
(837, 22, 18, 1, 25320),
(838, 22, 19, 1, 27000),
(839, 22, 20, 1, 28980),
(840, 22, 21, 1, 31140),
(841, 22, 22, 1, 38460),
(842, 22, 23, 1, 42360),
(843, 22, 24, 1, 46560),
(844, 22, 25, 1, 48360),
(845, 22, 26, 1, 52620),
(846, 22, 27, 1, 54600),
(847, 22, 28, 1, 56520),
(848, 22, 29, 1, 58620),
(849, 22, 30, 1, 61500),
(850, 22, 31, 1, 63660),
(851, 22, 32, 1, 65400),
(852, 22, 33, 1, 67200),
(853, 22, 34, 1, 71580),
(854, 22, 35, 1, 76980),
(855, 24, 16, 1, 19380),
(856, 24, 17, 1, 21480),
(857, 24, 18, 1, 25380),
(858, 24, 19, 1, 27060),
(859, 24, 20, 1, 29040),
(860, 24, 21, 1, 31200),
(861, 24, 22, 1, 38520),
(862, 24, 23, 1, 42420),
(863, 24, 24, 1, 46620),
(864, 24, 25, 1, 48420),
(865, 24, 26, 1, 52680),
(866, 24, 27, 1, 54660),
(867, 24, 28, 1, 56580),
(868, 24, 29, 1, 58680),
(869, 24, 30, 1, 61560),
(870, 24, 31, 1, 63720),
(871, 24, 32, 1, 65460),
(872, 24, 33, 1, 67260),
(873, 24, 34, 1, 71640),
(874, 24, 35, 1, 77040),
(875, 26, 16, 1, 19440),
(876, 26, 17, 1, 21540),
(877, 26, 18, 1, 25440),
(878, 26, 19, 1, 27120),
(879, 26, 20, 1, 29100),
(880, 26, 21, 1, 31260),
(881, 26, 22, 1, 38580),
(882, 26, 23, 1, 42480),
(883, 26, 24, 1, 46680),
(884, 26, 25, 1, 48480),
(885, 26, 26, 1, 52740),
(886, 26, 27, 1, 54720),
(887, 26, 28, 1, 56640),
(888, 26, 29, 1, 58740),
(889, 26, 30, 1, 61620),
(890, 26, 31, 1, 63780),
(891, 26, 32, 1, 65520),
(892, 26, 33, 1, 67320),
(893, 26, 34, 1, 71700),
(894, 26, 35, 1, 77100),
(895, 28, 16, 1, 19500),
(896, 28, 17, 1, 21600),
(897, 28, 18, 1, 25500),
(898, 28, 19, 1, 27180),
(899, 28, 20, 1, 29160),
(900, 28, 21, 1, 31320),
(901, 28, 22, 1, 38640),
(902, 28, 23, 1, 42540),
(903, 28, 24, 1, 46740),
(904, 28, 25, 1, 48540),
(905, 28, 26, 1, 52800),
(906, 28, 27, 1, 54780),
(907, 28, 28, 1, 56700),
(908, 28, 29, 1, 58800),
(909, 28, 30, 1, 61680),
(910, 28, 31, 1, 63840),
(911, 28, 32, 1, 65580),
(912, 28, 33, 1, 67380),
(913, 28, 34, 1, 71760),
(914, 28, 35, 1, 77160),
(915, 30, 16, 1, 19560),
(916, 30, 17, 1, 21660),
(917, 30, 18, 1, 25560),
(918, 30, 19, 1, 27240),
(919, 30, 20, 1, 29220),
(920, 30, 21, 1, 31380),
(921, 30, 22, 1, 38700),
(922, 30, 23, 1, 42600),
(923, 30, 24, 1, 46800),
(924, 30, 25, 1, 48600),
(925, 30, 26, 1, 52860),
(926, 30, 27, 1, 54840),
(927, 30, 28, 1, 56760),
(928, 30, 29, 1, 58860),
(929, 30, 30, 1, 61740),
(930, 30, 31, 1, 63900),
(931, 30, 32, 1, 65640),
(932, 30, 33, 1, 67440),
(933, 30, 34, 1, 71820),
(934, 30, 35, 1, 77220),
(935, 907, 23, 1, 42660),
(936, 907, 26, 1, 52920),
(937, 907, 29, 1, 58920),
(938, 907, 34, 1, 71880),
(939, 908, 23, 1, 42720),
(940, 908, 26, 1, 52980),
(941, 908, 29, 1, 58980),
(942, 908, 34, 1, 71940),
(943, 909, 23, 1, 42780),
(944, 909, 26, 1, 53040),
(945, 909, 29, 1, 59040),
(946, 909, 34, 1, 72000),
(947, 910, 23, 1, 42840),
(948, 910, 26, 1, 53100),
(949, 910, 29, 1, 59100),
(950, 910, 34, 1, 72060),
(951, 32, 16, 1, 19620),
(952, 32, 17, 1, 21720),
(953, 32, 18, 1, 25620),
(954, 32, 19, 1, 27300),
(955, 32, 20, 1, 29280),
(956, 32, 21, 1, 31440),
(957, 32, 22, 1, 38760),
(958, 32, 23, 1, 42900),
(959, 32, 24, 1, 46860),
(960, 32, 25, 1, 48660),
(961, 32, 26, 1, 53160),
(962, 32, 27, 1, 54900),
(963, 32, 28, 1, 56820),
(964, 32, 29, 1, 59160),
(965, 32, 30, 1, 61800),
(966, 32, 31, 1, 63960),
(967, 32, 32, 1, 65700),
(968, 32, 33, 1, 67500),
(969, 32, 34, 1, 72120),
(970, 32, 35, 1, 77280),
(971, 34, 16, 1, 19680),
(972, 34, 17, 1, 21780),
(973, 34, 18, 1, 25680),
(974, 34, 19, 1, 27360),
(975, 34, 20, 1, 29340),
(976, 34, 21, 1, 31500),
(977, 34, 22, 1, 38820),
(978, 34, 23, 1, 42960),
(979, 34, 24, 1, 46920),
(980, 34, 25, 1, 48720),
(981, 34, 26, 1, 53220),
(982, 34, 27, 1, 54960),
(983, 34, 28, 1, 56880),
(984, 34, 29, 1, 59220),
(985, 34, 30, 1, 61860),
(986, 34, 31, 1, 64020),
(987, 34, 32, 1, 65760),
(988, 34, 33, 1, 67560),
(989, 34, 34, 1, 72180),
(990, 34, 35, 1, 77340),
(991, 36, 16, 1, 19740),
(992, 36, 17, 1, 21840),
(993, 36, 18, 1, 25740),
(994, 36, 19, 1, 27420),
(995, 36, 20, 1, 29400),
(996, 36, 21, 1, 31560),
(997, 36, 22, 1, 38880),
(998, 36, 23, 1, 43020),
(999, 36, 24, 1, 46980),
(1000, 36, 25, 1, 48780),
(1001, 36, 26, 1, 53280),
(1002, 36, 27, 1, 55020),
(1003, 36, 28, 1, 56940),
(1004, 36, 29, 1, 59280),
(1005, 36, 30, 1, 61920),
(1006, 36, 31, 1, 64080),
(1007, 36, 32, 1, 65820),
(1008, 36, 33, 1, 67620),
(1009, 36, 34, 1, 72240),
(1010, 36, 35, 1, 77400),
(1011, 9, 16, 1, 19800),
(1012, 9, 17, 1, 21900),
(1013, 9, 18, 1, 25800),
(1014, 9, 19, 1, 27480),
(1015, 9, 20, 1, 29460),
(1016, 9, 21, 1, 31620),
(1017, 9, 22, 1, 38940),
(1018, 9, 23, 1, 43080),
(1019, 9, 24, 1, 47040),
(1020, 9, 25, 1, 48840),
(1021, 9, 26, 1, 53340),
(1022, 9, 27, 1, 55080),
(1023, 9, 28, 1, 57000),
(1024, 9, 29, 1, 59340),
(1025, 9, 30, 1, 61980),
(1026, 9, 31, 1, 64140),
(1027, 9, 32, 1, 65880),
(1028, 9, 33, 1, 67680),
(1029, 9, 34, 1, 72300),
(1030, 9, 35, 1, 77460),
(1031, 911, 27, 1, 55200),
(1032, 911, 28, 1, 57120),
(1033, 911, 31, 1, 64260),
(1034, 911, 35, 1, 77580),
(1035, 5, 27, 1, 55320),
(1036, 5, 28, 1, 57240),
(1037, 5, 31, 1, 64380),
(1038, 5, 35, 1, 77700),
(1039, 136, 37, 1, 84120),
(1040, 324, 37, 1, 84180),
(1041, 325, 37, 1, 84240),
(1042, 329, 37, 1, 84300),
(1043, 635, 37, 1, 84360),
(1044, 510, 36, 1, 80160),
(1045, 510, 37, 1, 84480),
(1046, 510, 38, 1, 21600),
(1047, 510, 39, 1, 26160),
(1048, 510, 40, 1, 31260),
(1049, 510, 41, 1, 35160),
(1050, 510, 42, 1, 38160),
(1051, 510, 43, 1, 45960),
(1052, 510, 44, 1, 48240),
(1053, 510, 45, 1, 52560),
(1054, 510, 46, 1, 55440),
(1055, 510, 47, 1, 59460),
(1056, 510, 48, 1, 62460),
(1057, 510, 49, 1, 66360),
(1058, 510, 50, 1, 69660),
(1059, 510, 51, 1, 74760),
(1060, 510, 52, 1, 84240),
(1061, 602, 36, 1, 80460),
(1062, 602, 37, 1, 84780),
(1063, 602, 38, 1, 21900),
(1064, 602, 39, 1, 26460),
(1065, 602, 40, 1, 31560),
(1066, 602, 41, 1, 35460),
(1067, 602, 42, 1, 38460),
(1068, 602, 43, 1, 46260),
(1069, 602, 44, 1, 48540),
(1070, 602, 45, 1, 52860),
(1071, 602, 46, 1, 55740),
(1072, 602, 47, 1, 59760),
(1073, 602, 48, 1, 62760),
(1074, 602, 49, 1, 66660),
(1075, 602, 50, 1, 69960),
(1076, 602, 51, 1, 75060),
(1077, 602, 52, 1, 84540),
(1078, 132, 36, 1, 80520),
(1079, 132, 37, 1, 84840),
(1080, 132, 38, 1, 21960),
(1081, 132, 39, 1, 26520),
(1082, 132, 40, 1, 31620),
(1083, 132, 41, 1, 35520),
(1084, 132, 42, 1, 38520),
(1085, 132, 43, 1, 46320),
(1086, 132, 44, 1, 48600),
(1087, 132, 45, 1, 52920),
(1088, 132, 46, 1, 55800),
(1089, 132, 47, 1, 59820),
(1090, 132, 48, 1, 62820),
(1091, 132, 49, 1, 66720),
(1092, 132, 50, 1, 70020),
(1093, 132, 51, 1, 75120),
(1094, 132, 52, 1, 84600),
(1095, 130, 36, 1, 80580),
(1096, 130, 37, 1, 84900),
(1097, 130, 38, 1, 22080),
(1098, 130, 39, 1, 26640),
(1099, 130, 40, 1, 31740),
(1100, 130, 41, 1, 35640),
(1101, 130, 42, 1, 38640),
(1102, 130, 43, 1, 46440),
(1103, 130, 44, 1, 48720),
(1104, 130, 45, 1, 53040),
(1105, 130, 46, 1, 55920),
(1106, 130, 47, 1, 59940),
(1107, 130, 48, 1, 62940),
(1108, 130, 49, 1, 66840),
(1109, 130, 50, 1, 70140),
(1110, 130, 51, 1, 75240),
(1111, 130, 52, 1, 84660),
(1112, 504, 36, 1, 80640),
(1113, 504, 37, 1, 84960),
(1114, 504, 38, 1, 22140),
(1115, 504, 39, 1, 26700),
(1116, 504, 40, 1, 31800),
(1117, 504, 41, 1, 35700),
(1118, 504, 42, 1, 38700),
(1119, 504, 43, 1, 46500),
(1120, 504, 44, 1, 48780),
(1121, 504, 45, 1, 53100),
(1122, 504, 46, 1, 55980),
(1123, 504, 47, 1, 60000),
(1124, 504, 48, 1, 63000),
(1125, 504, 49, 1, 66900),
(1126, 504, 50, 1, 70200),
(1127, 504, 51, 1, 75300),
(1128, 504, 52, 1, 84720),
(1129, 503, 36, 1, 80700),
(1130, 503, 37, 1, 85020),
(1131, 503, 38, 1, 22260),
(1132, 503, 39, 1, 26820),
(1133, 503, 40, 1, 31920),
(1134, 503, 41, 1, 35820),
(1135, 503, 42, 1, 38820),
(1136, 503, 43, 1, 46620),
(1137, 503, 44, 1, 48900),
(1138, 503, 45, 1, 53220),
(1139, 503, 46, 1, 56100),
(1140, 503, 47, 1, 60120),
(1141, 503, 48, 1, 63120),
(1142, 503, 49, 1, 67020),
(1143, 503, 50, 1, 70320),
(1144, 503, 51, 1, 75420),
(1145, 503, 52, 1, 84840),
(1146, 502, 36, 1, 80760),
(1147, 502, 37, 1, 85080),
(1148, 502, 38, 1, 22320),
(1149, 502, 39, 1, 26880),
(1150, 502, 40, 1, 31980),
(1151, 502, 41, 1, 35880),
(1152, 502, 42, 1, 38880),
(1153, 502, 43, 1, 46680),
(1154, 502, 44, 1, 48960),
(1155, 502, 45, 1, 53280),
(1156, 502, 46, 1, 56160),
(1157, 502, 47, 1, 60180),
(1158, 502, 48, 1, 63180),
(1159, 502, 49, 1, 67080),
(1160, 502, 50, 1, 70380),
(1161, 502, 51, 1, 75480),
(1162, 502, 52, 1, 84900),
(1163, 99, 36, 1, 80820),
(1164, 99, 37, 1, 85140),
(1165, 99, 38, 1, 22380),
(1166, 99, 39, 1, 26940),
(1167, 99, 40, 1, 32100),
(1168, 99, 41, 1, 36000),
(1169, 99, 42, 1, 39000),
(1170, 99, 43, 1, 46800),
(1171, 99, 44, 1, 49080),
(1172, 99, 45, 1, 53400),
(1173, 99, 46, 1, 56280),
(1174, 99, 47, 1, 60300),
(1175, 99, 48, 1, 63300),
(1176, 99, 49, 1, 67200),
(1177, 99, 50, 1, 70500),
(1178, 99, 51, 1, 75540),
(1179, 99, 52, 1, 84960),
(1180, 98, 36, 1, 80880),
(1181, 98, 37, 1, 85200),
(1182, 98, 38, 1, 22440),
(1183, 98, 39, 1, 27000),
(1184, 98, 40, 1, 32160),
(1185, 98, 41, 1, 36060),
(1186, 98, 42, 1, 39060),
(1187, 98, 43, 1, 46860),
(1188, 98, 44, 1, 49140),
(1189, 98, 45, 1, 53460),
(1190, 98, 46, 1, 56340),
(1191, 98, 47, 1, 60360),
(1192, 98, 48, 1, 63360),
(1193, 98, 49, 1, 67260),
(1194, 98, 50, 1, 70560),
(1195, 98, 51, 1, 75600),
(1196, 98, 52, 1, 85020),
(1197, 395, 36, 1, 80940),
(1198, 395, 37, 1, 85260),
(1199, 395, 38, 1, 22500),
(1200, 395, 39, 1, 27060),
(1201, 395, 40, 1, 32220),
(1202, 395, 41, 1, 36120),
(1203, 395, 42, 1, 39120),
(1204, 395, 43, 1, 46920),
(1205, 395, 44, 1, 49200),
(1206, 395, 45, 1, 53520),
(1207, 395, 46, 1, 56400),
(1208, 395, 47, 1, 60420),
(1209, 395, 48, 1, 63420),
(1210, 395, 49, 1, 67320),
(1211, 395, 50, 1, 70620),
(1212, 395, 51, 1, 75660),
(1213, 395, 52, 1, 85080),
(1214, 97, 36, 1, 81000),
(1215, 97, 37, 1, 85320),
(1216, 97, 38, 1, 22560),
(1217, 97, 39, 1, 27120),
(1218, 97, 40, 1, 32280),
(1219, 97, 41, 1, 36180),
(1220, 97, 42, 1, 39180),
(1221, 97, 43, 1, 46980),
(1222, 97, 44, 1, 49260),
(1223, 97, 45, 1, 53580),
(1224, 97, 46, 1, 56460),
(1225, 97, 47, 1, 60480),
(1226, 97, 48, 1, 63480),
(1227, 97, 49, 1, 67380),
(1228, 97, 50, 1, 70680),
(1229, 97, 51, 1, 75720),
(1230, 97, 52, 1, 85140),
(1231, 2, 36, 1, 81060),
(1232, 2, 37, 1, 85380),
(1233, 2, 38, 1, 22620),
(1234, 2, 39, 1, 27180),
(1235, 2, 40, 1, 32340),
(1236, 2, 41, 1, 36240),
(1237, 2, 42, 1, 39240),
(1238, 2, 43, 1, 47040),
(1239, 2, 44, 1, 49320),
(1240, 2, 45, 1, 53640),
(1241, 2, 46, 1, 56520),
(1242, 2, 47, 1, 60540),
(1243, 2, 48, 1, 63540),
(1244, 2, 49, 1, 67440),
(1245, 2, 50, 1, 70740),
(1246, 2, 51, 1, 75780),
(1247, 2, 52, 1, 85200),
(1248, 902, 36, 1, 81120),
(1249, 902, 37, 1, 85440),
(1250, 902, 38, 1, 22680),
(1251, 902, 39, 1, 27240),
(1252, 902, 40, 1, 32400),
(1253, 902, 41, 1, 36300),
(1254, 902, 42, 1, 39300),
(1255, 902, 43, 1, 47100),
(1256, 902, 44, 1, 49380),
(1257, 902, 45, 1, 53700),
(1258, 902, 46, 1, 56580),
(1259, 902, 47, 1, 60600),
(1260, 902, 48, 1, 63600),
(1261, 902, 49, 1, 67500),
(1262, 902, 50, 1, 70800),
(1263, 902, 51, 1, 75840),
(1264, 902, 52, 1, 85260),
(1265, 903, 36, 1, 81180),
(1266, 903, 37, 1, 85500),
(1267, 903, 38, 1, 22740),
(1268, 903, 39, 1, 27300),
(1269, 903, 40, 1, 32460),
(1270, 903, 41, 1, 36360),
(1271, 903, 42, 1, 39360),
(1272, 903, 43, 1, 47160),
(1273, 903, 44, 1, 49440),
(1274, 903, 45, 1, 53760),
(1275, 903, 46, 1, 56640),
(1276, 903, 47, 1, 60660),
(1277, 903, 48, 1, 63660),
(1278, 903, 49, 1, 67560),
(1279, 903, 50, 1, 70860),
(1280, 903, 51, 1, 75900),
(1281, 903, 52, 1, 85320),
(1282, 904, 36, 1, 81240),
(1283, 904, 37, 1, 85560),
(1284, 904, 38, 1, 22800),
(1285, 904, 39, 1, 27360),
(1286, 904, 40, 1, 32520),
(1287, 904, 41, 1, 36420),
(1288, 904, 42, 1, 39420),
(1289, 904, 43, 1, 47220),
(1290, 904, 44, 1, 49500),
(1291, 904, 45, 1, 53820),
(1292, 904, 46, 1, 56700),
(1293, 904, 47, 1, 60720),
(1294, 904, 48, 1, 63720),
(1295, 904, 49, 1, 67620),
(1296, 904, 50, 1, 70920),
(1297, 904, 51, 1, 75960),
(1298, 904, 52, 1, 85380),
(1299, 905, 36, 1, 81300),
(1300, 905, 37, 1, 85620),
(1301, 905, 38, 1, 22920),
(1302, 905, 39, 1, 27480),
(1303, 905, 40, 1, 32640),
(1304, 905, 41, 1, 36540),
(1305, 905, 42, 1, 39540),
(1306, 905, 43, 1, 47340),
(1307, 905, 44, 1, 49620),
(1308, 905, 45, 1, 53940),
(1309, 905, 46, 1, 56820),
(1310, 905, 47, 1, 60840),
(1311, 905, 48, 1, 63840),
(1312, 905, 49, 1, 67740),
(1313, 905, 50, 1, 71040),
(1314, 905, 51, 1, 76080),
(1315, 905, 52, 1, 85500),
(1316, 906, 36, 1, 81360),
(1317, 906, 37, 1, 85680),
(1318, 906, 38, 1, 22980),
(1319, 906, 39, 1, 27540),
(1320, 906, 40, 1, 32700),
(1321, 906, 41, 1, 36600),
(1322, 906, 42, 1, 39600),
(1323, 906, 43, 1, 47400),
(1324, 906, 44, 1, 49680),
(1325, 906, 45, 1, 54000),
(1326, 906, 46, 1, 56880),
(1327, 906, 47, 1, 60900),
(1328, 906, 48, 1, 63900),
(1329, 906, 49, 1, 67800),
(1330, 906, 50, 1, 71100),
(1331, 906, 51, 1, 76140),
(1332, 906, 52, 1, 85560),
(1333, 14, 36, 1, 81420),
(1334, 14, 37, 1, 85740),
(1335, 14, 38, 1, 23040),
(1336, 14, 39, 1, 27600),
(1337, 14, 40, 1, 32760),
(1338, 14, 41, 1, 36660),
(1339, 14, 42, 1, 39660),
(1340, 14, 43, 1, 47460),
(1341, 14, 44, 1, 49740),
(1342, 14, 45, 1, 54060),
(1343, 14, 46, 1, 56940),
(1344, 14, 47, 1, 60960),
(1345, 14, 48, 1, 63960),
(1346, 14, 49, 1, 67860),
(1347, 14, 50, 1, 71160),
(1348, 14, 51, 1, 76200),
(1349, 14, 52, 1, 85620),
(1350, 16, 36, 1, 81480),
(1351, 16, 37, 1, 85800),
(1352, 16, 38, 1, 23100),
(1353, 16, 39, 1, 27660),
(1354, 16, 40, 1, 32820),
(1355, 16, 41, 1, 36720),
(1356, 16, 42, 1, 39720),
(1357, 16, 43, 1, 47520),
(1358, 16, 44, 1, 49800),
(1359, 16, 45, 1, 54120),
(1360, 16, 46, 1, 57000),
(1361, 16, 47, 1, 61020),
(1362, 16, 48, 1, 64020),
(1363, 16, 49, 1, 67920),
(1364, 16, 50, 1, 71220),
(1365, 16, 51, 1, 76260),
(1366, 16, 52, 1, 85680),
(1367, 18, 36, 1, 81540),
(1368, 18, 37, 1, 85860),
(1369, 18, 38, 1, 23160),
(1370, 18, 39, 1, 27720),
(1371, 18, 40, 1, 32880),
(1372, 18, 41, 1, 36780),
(1373, 18, 42, 1, 39780),
(1374, 18, 43, 1, 47580),
(1375, 18, 44, 1, 49860),
(1376, 18, 45, 1, 54180),
(1377, 18, 46, 1, 57060),
(1378, 18, 47, 1, 61080),
(1379, 18, 48, 1, 64080),
(1380, 18, 49, 1, 67980),
(1381, 18, 50, 1, 71280),
(1382, 18, 51, 1, 76320),
(1383, 18, 52, 1, 85740),
(1384, 20, 36, 1, 81600),
(1385, 20, 37, 1, 85920),
(1386, 20, 38, 1, 23220),
(1387, 20, 39, 1, 27780),
(1388, 20, 40, 1, 32940),
(1389, 20, 41, 1, 36840),
(1390, 20, 42, 1, 39840),
(1391, 20, 43, 1, 47640),
(1392, 20, 44, 1, 49920),
(1393, 20, 45, 1, 54240),
(1394, 20, 46, 1, 57120),
(1395, 20, 47, 1, 61140),
(1396, 20, 48, 1, 64140),
(1397, 20, 49, 1, 68040),
(1398, 20, 50, 1, 71340),
(1399, 20, 51, 1, 76380),
(1400, 20, 52, 1, 85800),
(1401, 22, 36, 1, 81660),
(1402, 22, 37, 1, 85980),
(1403, 22, 38, 1, 23280),
(1404, 22, 39, 1, 27840),
(1405, 22, 40, 1, 33000),
(1406, 22, 41, 1, 36900),
(1407, 22, 42, 1, 39900),
(1408, 22, 43, 1, 47700),
(1409, 22, 44, 1, 49980),
(1410, 22, 45, 1, 54300),
(1411, 22, 46, 1, 57180),
(1412, 22, 47, 1, 61200),
(1413, 22, 48, 1, 64200),
(1414, 22, 49, 1, 68100),
(1415, 22, 50, 1, 71400),
(1416, 22, 51, 1, 76440),
(1417, 22, 52, 1, 85860),
(1418, 24, 36, 1, 81720),
(1419, 24, 37, 1, 86040),
(1420, 24, 38, 1, 23340),
(1421, 24, 39, 1, 27900),
(1422, 24, 40, 1, 33060),
(1423, 24, 41, 1, 36960),
(1424, 24, 42, 1, 39960),
(1425, 24, 43, 1, 47760),
(1426, 24, 44, 1, 50040),
(1427, 24, 45, 1, 54360),
(1428, 24, 46, 1, 57240),
(1429, 24, 47, 1, 61260),
(1430, 24, 48, 1, 64260),
(1431, 24, 49, 1, 68160),
(1432, 24, 50, 1, 71460),
(1433, 24, 51, 1, 76500),
(1434, 24, 52, 1, 85920),
(1435, 26, 36, 1, 81780),
(1436, 26, 37, 1, 86100),
(1437, 26, 38, 1, 23400),
(1438, 26, 39, 1, 27960),
(1439, 26, 40, 1, 33120),
(1440, 26, 41, 1, 37020),
(1441, 26, 42, 1, 40020),
(1442, 26, 43, 1, 47820),
(1443, 26, 44, 1, 50100),
(1444, 26, 45, 1, 54420),
(1445, 26, 46, 1, 57300),
(1446, 26, 47, 1, 61320),
(1447, 26, 48, 1, 64320),
(1448, 26, 49, 1, 68220),
(1449, 26, 50, 1, 71520),
(1450, 26, 51, 1, 76560),
(1451, 26, 52, 1, 85980),
(1452, 28, 36, 1, 81840),
(1453, 28, 37, 1, 86160),
(1454, 28, 38, 1, 23460),
(1455, 28, 39, 1, 28020),
(1456, 28, 40, 1, 33180),
(1457, 28, 41, 1, 37080),
(1458, 28, 42, 1, 40080),
(1459, 28, 43, 1, 47880),
(1460, 28, 44, 1, 50160),
(1461, 28, 45, 1, 54480),
(1462, 28, 46, 1, 57360),
(1463, 28, 47, 1, 61380),
(1464, 28, 48, 1, 64380),
(1465, 28, 49, 1, 68280),
(1466, 28, 50, 1, 71580),
(1467, 28, 51, 1, 76620),
(1468, 28, 52, 1, 86040),
(1469, 30, 36, 1, 81900),
(1470, 30, 37, 1, 86220),
(1471, 30, 38, 1, 23520),
(1472, 30, 39, 1, 28080),
(1473, 30, 40, 1, 33240),
(1474, 30, 41, 1, 37140),
(1475, 30, 42, 1, 40140),
(1476, 30, 43, 1, 47940),
(1477, 30, 44, 1, 50220),
(1478, 30, 45, 1, 54540),
(1479, 30, 46, 1, 57420),
(1480, 30, 47, 1, 61440),
(1481, 30, 48, 1, 64440),
(1482, 30, 49, 1, 68340),
(1483, 30, 50, 1, 71640),
(1484, 30, 51, 1, 76680),
(1485, 30, 52, 1, 86100),
(1486, 32, 36, 1, 81960),
(1487, 32, 37, 1, 86520),
(1488, 32, 38, 1, 23580),
(1489, 32, 39, 1, 28140),
(1490, 32, 40, 1, 33300),
(1491, 32, 41, 1, 37200),
(1492, 32, 42, 1, 40200),
(1493, 32, 43, 1, 48000),
(1494, 32, 44, 1, 50280),
(1495, 32, 45, 1, 54600),
(1496, 32, 46, 1, 57480),
(1497, 32, 47, 1, 61500),
(1498, 32, 48, 1, 64500),
(1499, 32, 49, 1, 68400),
(1500, 32, 50, 1, 71700),
(1501, 32, 51, 1, 76740),
(1503, 34, 36, 1, 82020),
(1504, 34, 37, 1, 86580),
(1505, 34, 38, 1, 23640),
(1506, 34, 39, 1, 28200),
(1507, 34, 40, 1, 33360),
(1508, 34, 41, 1, 37260),
(1509, 34, 42, 1, 40260),
(1510, 34, 43, 1, 48060),
(1511, 34, 44, 1, 50340),
(1512, 34, 45, 1, 54660),
(1513, 34, 46, 1, 57540),
(1514, 34, 47, 1, 61560),
(1515, 34, 48, 1, 64560),
(1516, 34, 49, 1, 68460),
(1517, 34, 50, 1, 71760),
(1518, 34, 51, 1, 76800),
(1519, 34, 52, 1, 86460),
(1520, 36, 36, 1, 82080),
(1521, 36, 37, 1, 86640),
(1522, 36, 38, 1, 23700),
(1523, 36, 39, 1, 28260),
(1524, 36, 40, 1, 33420),
(1525, 36, 41, 1, 37320),
(1526, 36, 42, 1, 40320),
(1527, 36, 43, 1, 48120),
(1528, 36, 44, 1, 50400),
(1529, 36, 45, 1, 54720),
(1530, 36, 46, 1, 57600),
(1531, 36, 47, 1, 61620),
(1532, 36, 48, 1, 64620),
(1533, 36, 49, 1, 68520),
(1534, 36, 50, 1, 71820),
(1535, 36, 51, 1, 76860),
(1536, 36, 52, 1, 86520),
(1537, 9, 36, 1, 82140),
(1538, 9, 37, 1, 86700),
(1539, 9, 38, 1, 23760),
(1540, 9, 39, 1, 28320),
(1541, 9, 40, 1, 33480),
(1542, 9, 41, 1, 37380),
(1543, 9, 42, 1, 40380),
(1544, 9, 43, 1, 48180),
(1545, 9, 44, 1, 50460),
(1546, 9, 45, 1, 54780),
(1547, 9, 46, 1, 57660),
(1548, 9, 47, 1, 61680),
(1549, 9, 48, 1, 64680),
(1550, 9, 49, 1, 68580),
(1551, 9, 50, 1, 71880),
(1552, 9, 51, 1, 76920),
(1553, 9, 52, 1, 86580),
(1556, 907, 37, 1, 86280),
(1557, 907, 52, 1, 86160),
(1558, 908, 37, 1, 86340),
(1559, 908, 52, 1, 86220),
(1561, 909, 52, 1, 86280),
(1562, 910, 37, 1, 86460),
(1563, 910, 52, 1, 86340),
(1564, 911, 47, 1, 61800),
(1565, 5, 47, 1, 61920),
(1566, 4, 10, 1, 49740),
(1567, 912, 53, 1, 22020),
(1568, 912, 54, 1, 26580),
(1569, 912, 55, 1, 32820),
(1570, 912, 56, 1, 41820),
(1571, 912, 58, 1, 51420),
(1572, 912, 59, 1, 55620),
(1573, 912, 61, 1, 64620),
(1574, 912, 63, 1, 30420),
(1575, 912, 64, 1, 45420),
(1576, 912, 65, 1, 62580),
(1577, 911, 53, 1, 22140),
(1578, 911, 54, 1, 26700),
(1579, 911, 55, 1, 32940),
(1580, 911, 56, 1, 41940),
(1581, 911, 58, 1, 51540),
(1582, 911, 59, 1, 55740),
(1583, 911, 61, 1, 64740),
(1584, 911, 63, 1, 30540),
(1585, 911, 64, 1, 45540),
(1586, 911, 65, 1, 62700),
(1587, 913, 53, 1, 22200),
(1588, 913, 54, 1, 26760),
(1589, 913, 55, 1, 33000),
(1590, 913, 56, 1, 42000),
(1591, 913, 57, 1, 46200),
(1592, 913, 58, 1, 51600),
(1593, 913, 59, 1, 55800),
(1594, 913, 60, 1, 57900),
(1595, 913, 61, 1, 64800),
(1596, 913, 62, 1, 70200),
(1597, 913, 63, 1, 30600),
(1598, 913, 64, 1, 45600),
(1599, 913, 65, 1, 62760),
(1600, 916, 53, 1, 22260),
(1601, 916, 54, 1, 26820),
(1602, 916, 55, 1, 33060),
(1603, 916, 56, 1, 42060),
(1604, 916, 57, 1, 46260),
(1605, 916, 58, 1, 51660),
(1606, 916, 59, 1, 55860),
(1607, 916, 60, 1, 57960),
(1608, 916, 61, 1, 64860),
(1609, 916, 62, 1, 70260),
(1610, 916, 63, 1, 30660),
(1611, 916, 64, 1, 45660),
(1612, 916, 65, 1, 62820),
(1613, 914, 53, 1, 22320),
(1614, 914, 54, 1, 26880),
(1615, 914, 55, 1, 33120),
(1616, 914, 56, 1, 42120),
(1617, 914, 57, 1, 46320),
(1618, 914, 58, 1, 51720),
(1619, 914, 59, 1, 55920),
(1620, 914, 60, 1, 58020),
(1621, 914, 61, 1, 64920),
(1622, 914, 62, 1, 70320),
(1623, 914, 63, 1, 30720),
(1624, 914, 64, 1, 45720),
(1625, 914, 65, 1, 62880),
(1626, 31, 53, 1, 22380),
(1627, 31, 54, 1, 26940),
(1628, 31, 55, 1, 33180),
(1629, 31, 56, 1, 42180),
(1630, 31, 57, 1, 46380),
(1631, 31, 58, 1, 51780),
(1632, 31, 59, 1, 55980),
(1633, 31, 60, 1, 58080),
(1634, 31, 61, 1, 64980),
(1635, 31, 62, 1, 70380),
(1636, 31, 63, 1, 30780),
(1637, 31, 64, 1, 45780),
(1638, 31, 65, 1, 62940),
(1639, 33, 53, 1, 22440),
(1640, 33, 54, 1, 27000),
(1641, 33, 55, 1, 33240),
(1642, 33, 56, 1, 42240),
(1643, 33, 57, 1, 46440),
(1644, 33, 58, 1, 51840),
(1645, 33, 59, 1, 56040),
(1646, 33, 60, 1, 58140),
(1647, 33, 61, 1, 65040),
(1648, 33, 62, 1, 70440),
(1649, 33, 63, 1, 30840),
(1650, 33, 64, 1, 45840),
(1651, 33, 65, 1, 63000),
(1652, 35, 53, 1, 22500),
(1653, 35, 54, 1, 27060),
(1654, 35, 55, 1, 33300),
(1655, 35, 56, 1, 42300),
(1656, 35, 57, 1, 46500),
(1657, 35, 58, 1, 51900),
(1658, 35, 59, 1, 56100),
(1659, 35, 60, 1, 58200),
(1660, 35, 61, 1, 65100),
(1661, 35, 62, 1, 70500),
(1662, 35, 63, 1, 30900),
(1663, 35, 64, 1, 45900),
(1664, 35, 65, 1, 63060),
(1665, 37, 53, 1, 22560),
(1666, 37, 54, 1, 27120),
(1667, 37, 55, 1, 33360),
(1668, 37, 56, 1, 42360),
(1669, 37, 57, 1, 46560),
(1670, 37, 58, 1, 51960),
(1671, 37, 59, 1, 56160),
(1672, 37, 60, 1, 58260),
(1673, 37, 61, 1, 65160),
(1674, 37, 62, 1, 70560),
(1675, 37, 63, 1, 30960),
(1676, 37, 64, 1, 45960),
(1677, 37, 65, 1, 63120),
(1678, 39, 57, 1, 46620),
(1679, 39, 60, 1, 58320),
(1684, 41, 57, 1, 46740),
(1685, 41, 60, 1, 58380),
(1690, 43, 57, 1, 46800),
(1691, 43, 60, 1, 58440),
(1692, 43, 62, 1, 70740),
(1693, 915, 53, 1, 22680),
(1694, 915, 54, 1, 27240),
(1695, 915, 55, 1, 33480),
(1696, 915, 56, 1, 42480),
(1697, 915, 58, 1, 52080),
(1698, 915, 59, 1, 56280),
(1699, 915, 61, 1, 65280),
(1700, 915, 63, 1, 31080),
(1701, 915, 64, 1, 46080),
(1702, 915, 65, 1, 63240),
(1703, 917, 53, 1, 22920),
(1704, 917, 54, 1, 27480),
(1705, 917, 55, 1, 33720),
(1706, 917, 56, 1, 42720),
(1707, 917, 58, 1, 52320),
(1708, 917, 59, 1, 56520),
(1709, 917, 61, 1, 65520),
(1710, 917, 63, 1, 31320),
(1711, 917, 64, 1, 46320),
(1712, 917, 65, 1, 63480),
(1713, 918, 53, 1, 22980),
(1714, 918, 54, 1, 27540),
(1715, 918, 55, 1, 33780),
(1716, 918, 56, 1, 42780),
(1717, 918, 58, 1, 52380),
(1718, 918, 59, 1, 56580),
(1719, 918, 61, 1, 65580),
(1720, 918, 63, 1, 31380),
(1721, 918, 64, 1, 46380),
(1722, 918, 65, 1, 63540),
(1723, 919, 53, 1, 23040),
(1724, 919, 54, 1, 27600),
(1725, 919, 55, 1, 33840),
(1726, 919, 56, 1, 42840),
(1727, 919, 58, 1, 52440),
(1728, 919, 59, 1, 56640),
(1729, 919, 61, 1, 65640),
(1730, 919, 63, 1, 31440),
(1731, 919, 64, 1, 46440),
(1732, 919, 65, 1, 63600),
(1733, 920, 53, 1, 23100),
(1734, 920, 54, 1, 27660),
(1735, 920, 55, 1, 33900),
(1736, 920, 56, 1, 42900),
(1737, 920, 58, 1, 52500),
(1738, 920, 59, 1, 56700),
(1739, 920, 61, 1, 65700),
(1740, 920, 63, 1, 31500),
(1741, 920, 64, 1, 46500),
(1742, 920, 65, 1, 63660),
(1743, 11, 53, 1, 23160),
(1744, 11, 54, 1, 27720),
(1745, 11, 55, 1, 33960),
(1746, 11, 56, 1, 42960),
(1747, 11, 58, 1, 52560),
(1748, 11, 59, 1, 56760),
(1749, 11, 61, 1, 65760),
(1750, 11, 63, 1, 31560),
(1751, 11, 64, 1, 46560),
(1752, 11, 65, 1, 63720),
(1753, 45, 53, 1, 23220),
(1754, 45, 54, 1, 27780),
(1755, 45, 55, 1, 34020),
(1756, 45, 56, 1, 43020),
(1757, 45, 57, 1, 46860),
(1758, 45, 58, 1, 52620),
(1759, 45, 59, 1, 56820),
(1760, 45, 60, 1, 58500),
(1761, 45, 61, 1, 65820),
(1762, 45, 62, 1, 70800),
(1763, 45, 63, 1, 31620),
(1764, 45, 64, 1, 46620),
(1765, 45, 65, 1, 63780),
(1766, 597, 53, 1, 23280),
(1767, 597, 54, 1, 27840),
(1768, 597, 55, 1, 34080),
(1769, 597, 56, 1, 43080),
(1770, 597, 57, 1, 46920),
(1771, 597, 58, 1, 52680),
(1772, 597, 59, 1, 56880),
(1773, 597, 60, 1, 58560),
(1774, 597, 61, 1, 65880),
(1775, 597, 62, 1, 70860),
(1776, 597, 63, 1, 31680),
(1777, 597, 64, 1, 46680),
(1778, 597, 65, 1, 63840),
(1779, 895, 53, 1, 23340),
(1780, 895, 54, 1, 27900),
(1781, 895, 55, 1, 34140),
(1782, 895, 56, 1, 43140),
(1783, 895, 57, 1, 46980),
(1784, 895, 58, 1, 52740),
(1785, 895, 59, 1, 56940),
(1786, 895, 60, 1, 58620),
(1787, 895, 61, 1, 65940),
(1788, 895, 62, 1, 70920),
(1789, 895, 63, 1, 31740),
(1790, 895, 64, 1, 46740),
(1791, 895, 65, 1, 63900),
(1792, 598, 53, 1, 23400),
(1793, 598, 54, 1, 27960),
(1794, 598, 55, 1, 34200),
(1795, 598, 56, 1, 43200),
(1796, 598, 57, 1, 47040),
(1797, 598, 58, 1, 52800),
(1798, 598, 59, 1, 57000),
(1799, 598, 60, 1, 58680),
(1800, 598, 61, 1, 66000),
(1801, 598, 62, 1, 70980),
(1802, 598, 63, 1, 31800),
(1803, 598, 64, 1, 46800),
(1804, 598, 65, 1, 63960),
(1805, 599, 53, 1, 23460),
(1806, 599, 54, 1, 28020),
(1807, 599, 55, 1, 34260),
(1808, 599, 56, 1, 43260),
(1809, 599, 57, 1, 47100),
(1810, 599, 58, 1, 52860),
(1811, 599, 59, 1, 57060),
(1812, 599, 60, 1, 58740),
(1813, 599, 61, 1, 66060),
(1814, 599, 62, 1, 71040),
(1815, 599, 63, 1, 31860),
(1816, 599, 64, 1, 46860),
(1817, 599, 65, 1, 64020),
(1818, 921, 53, 1, 23520),
(1819, 921, 54, 1, 28080),
(1820, 921, 55, 1, 34320),
(1821, 921, 56, 1, 43320),
(1822, 921, 57, 1, 47160),
(1823, 921, 58, 1, 52920),
(1824, 921, 59, 1, 57120),
(1825, 921, 60, 1, 58800),
(1826, 921, 61, 1, 66120),
(1827, 921, 62, 1, 71100),
(1828, 921, 63, 1, 31920),
(1829, 921, 64, 1, 46920),
(1830, 921, 65, 1, 64080),
(1831, 922, 53, 1, 23580),
(1832, 922, 54, 1, 28140),
(1833, 922, 55, 1, 34380),
(1834, 922, 56, 1, 43380),
(1835, 922, 57, 1, 47220),
(1836, 922, 58, 1, 52980),
(1837, 922, 59, 1, 57180),
(1838, 922, 60, 1, 58860),
(1839, 922, 61, 1, 66180),
(1840, 922, 62, 1, 71160),
(1841, 922, 63, 1, 31980),
(1842, 922, 64, 1, 46980),
(1843, 922, 65, 1, 64140),
(1844, 923, 53, 1, 23640),
(1845, 923, 54, 1, 28200),
(1846, 923, 55, 1, 34440),
(1847, 923, 56, 1, 43440),
(1848, 923, 57, 1, 47280),
(1849, 923, 58, 1, 53040),
(1850, 923, 59, 1, 57240),
(1851, 923, 60, 1, 58920),
(1852, 923, 61, 1, 66240),
(1853, 923, 62, 1, 71220),
(1854, 923, 63, 1, 32040),
(1855, 923, 64, 1, 47040),
(1856, 923, 65, 1, 64200),
(1857, 103, 53, 1, 23700),
(1858, 103, 54, 1, 28260),
(1859, 103, 55, 1, 34500),
(1860, 103, 56, 1, 43500),
(1861, 103, 57, 1, 47340),
(1862, 103, 58, 1, 53100),
(1863, 103, 59, 1, 57360),
(1864, 103, 60, 1, 59040),
(1865, 103, 61, 1, 66300),
(1866, 103, 62, 1, 71280),
(1867, 103, 63, 1, 32100),
(1868, 103, 64, 1, 47100),
(1869, 103, 65, 1, 64260),
(1870, 131, 53, 1, 23820),
(1871, 131, 54, 1, 28380),
(1872, 131, 55, 1, 34620),
(1873, 131, 56, 1, 43620),
(1874, 131, 57, 1, 47460),
(1875, 131, 58, 1, 53280),
(1876, 131, 59, 1, 57540),
(1877, 131, 60, 1, 59160),
(1878, 131, 61, 1, 66420),
(1879, 131, 62, 1, 71400),
(1880, 131, 63, 1, 32220),
(1881, 131, 64, 1, 47220),
(1882, 131, 65, 1, 64380),
(1883, 133, 53, 1, 23940),
(1884, 133, 54, 1, 28500),
(1885, 133, 55, 1, 34740),
(1886, 133, 56, 1, 43740),
(1887, 133, 57, 1, 47580),
(1888, 133, 58, 1, 53400),
(1889, 133, 59, 1, 57660),
(1890, 133, 60, 1, 59280),
(1891, 133, 61, 1, 66540),
(1892, 133, 62, 1, 71520),
(1893, 133, 63, 1, 32340),
(1894, 133, 64, 1, 47340),
(1895, 133, 65, 1, 64500),
(1896, 508, 53, 1, 24060),
(1897, 508, 54, 1, 28620),
(1898, 508, 55, 1, 34860),
(1899, 508, 56, 1, 43860),
(1900, 508, 57, 1, 47700),
(1901, 508, 58, 1, 53520),
(1902, 508, 59, 1, 57780),
(1903, 508, 60, 1, 59400),
(1904, 508, 61, 1, 66660),
(1905, 508, 62, 1, 71640),
(1906, 508, 63, 1, 32460),
(1907, 508, 64, 1, 47460),
(1908, 508, 65, 1, 64620),
(1909, 135, 54, 1, 28800),
(1910, 924, 54, 1, 28860),
(1911, 912, 66, 1, 18000),
(1912, 912, 67, 1, 19860),
(1913, 912, 68, 1, 21000),
(1914, 912, 69, 1, 22800),
(1915, 912, 70, 1, 24120),
(1916, 912, 71, 1, 25800),
(1917, 912, 72, 1, 28200),
(1918, 912, 73, 1, 30300),
(1919, 912, 74, 1, 34200),
(1920, 912, 75, 1, 37200),
(1921, 912, 76, 1, 40200),
(1922, 912, 77, 1, 43800),
(1923, 912, 78, 1, 48000),
(1924, 912, 79, 1, 49200),
(1925, 912, 80, 1, 53400),
(1926, 912, 81, 1, 59400),
(1927, 912, 82, 1, 60240),
(1928, 912, 83, 1, 62400),
(1929, 912, 84, 1, 66600),
(1930, 912, 85, 1, 69000),
(1931, 925, 66, 1, 18060),
(1932, 925, 67, 1, 19920),
(1933, 925, 68, 1, 21060),
(1934, 925, 69, 1, 22860),
(1935, 925, 70, 1, 24180),
(1936, 925, 71, 1, 25860),
(1937, 925, 72, 1, 28260),
(1938, 925, 73, 1, 30360),
(1939, 925, 74, 1, 34260),
(1940, 925, 75, 1, 37260),
(1941, 925, 76, 1, 40260),
(1942, 925, 77, 1, 43860),
(1943, 925, 78, 1, 48060),
(1944, 925, 79, 1, 49260),
(1945, 925, 80, 1, 53460),
(1946, 925, 81, 1, 59460),
(1947, 925, 82, 1, 60300),
(1948, 925, 83, 1, 62460),
(1949, 925, 84, 1, 66660),
(1950, 925, 85, 1, 69060),
(1951, 13, 66, 1, 18120),
(1952, 13, 67, 1, 19980),
(1953, 13, 68, 1, 21120),
(1954, 13, 69, 1, 22920),
(1955, 13, 70, 1, 24240),
(1956, 13, 71, 1, 25920),
(1957, 13, 72, 1, 28320),
(1958, 13, 73, 1, 30420),
(1959, 13, 74, 1, 34320),
(1960, 13, 75, 1, 37320),
(1961, 13, 76, 1, 40320),
(1962, 13, 77, 1, 43920),
(1963, 13, 78, 1, 48120),
(1964, 13, 79, 1, 49320),
(1965, 13, 80, 1, 53520),
(1966, 13, 81, 1, 59520),
(1967, 13, 82, 1, 60360),
(1968, 13, 83, 1, 62520),
(1969, 13, 84, 1, 66720),
(1970, 13, 85, 1, 69120),
(1971, 15, 66, 1, 18180),
(1972, 15, 67, 1, 20100),
(1973, 15, 68, 1, 21240),
(1974, 15, 69, 1, 23040),
(1975, 15, 70, 1, 24360),
(1976, 15, 71, 1, 26040),
(1977, 15, 72, 1, 28440),
(1978, 15, 73, 1, 30540),
(1979, 15, 74, 1, 34380),
(1980, 15, 75, 1, 37380),
(1981, 15, 76, 1, 40380),
(1982, 15, 77, 1, 43980),
(1983, 15, 78, 1, 48180),
(1984, 15, 79, 1, 49380),
(1985, 15, 80, 1, 53580),
(1986, 15, 81, 1, 59580),
(1987, 15, 82, 1, 60420),
(1988, 15, 83, 1, 62580),
(1989, 15, 84, 1, 66780),
(1990, 15, 85, 1, 69180),
(1991, 908, 66, 1, 18240),
(1992, 908, 68, 1, 21300),
(1993, 908, 69, 1, 23100),
(1994, 908, 70, 1, 24420),
(1995, 908, 72, 1, 28500),
(1996, 908, 73, 1, 30600),
(1997, 908, 74, 1, 34440),
(1998, 908, 75, 1, 37440),
(1999, 908, 76, 1, 40440),
(2000, 908, 77, 1, 44040),
(2001, 908, 78, 1, 48240),
(2002, 908, 80, 1, 53640),
(2003, 908, 81, 1, 59640),
(2004, 908, 82, 1, 60480),
(2005, 908, 83, 1, 62640),
(2006, 908, 84, 1, 66840),
(2007, 908, 85, 1, 69240),
(2008, 909, 66, 1, 18360),
(2009, 909, 68, 1, 21420),
(2010, 909, 69, 1, 23220),
(2011, 909, 70, 1, 24540),
(2012, 909, 72, 1, 28620),
(2013, 909, 73, 1, 30720),
(2014, 909, 74, 1, 34560),
(2015, 909, 75, 1, 37560),
(2016, 909, 76, 1, 40560),
(2017, 909, 77, 1, 44160),
(2018, 909, 78, 1, 48360),
(2019, 909, 80, 1, 53760),
(2020, 909, 81, 1, 59760),
(2021, 909, 82, 1, 60600),
(2022, 909, 83, 1, 62760),
(2023, 909, 84, 1, 66960),
(2024, 909, 85, 1, 69360),
(2025, 910, 66, 1, 18480),
(2026, 910, 68, 1, 21540),
(2027, 910, 69, 1, 23340),
(2028, 910, 70, 1, 24660),
(2029, 910, 72, 1, 28740),
(2030, 910, 73, 1, 30840),
(2031, 910, 74, 1, 34680),
(2032, 910, 75, 1, 37680),
(2033, 910, 76, 1, 40680),
(2034, 910, 77, 1, 44280),
(2035, 910, 78, 1, 48480),
(2036, 910, 80, 1, 53880),
(2037, 910, 81, 1, 59880),
(2038, 910, 82, 1, 60720),
(2039, 910, 83, 1, 62880),
(2040, 910, 84, 1, 67080),
(2041, 910, 85, 1, 69480),
(2042, 17, 66, 1, 18600),
(2043, 17, 67, 1, 20160),
(2044, 17, 68, 1, 21660),
(2045, 17, 69, 1, 23460),
(2046, 17, 70, 1, 24780),
(2047, 17, 71, 1, 26100),
(2048, 17, 72, 1, 28860),
(2049, 17, 73, 1, 30960),
(2050, 17, 74, 1, 34800),
(2051, 17, 75, 1, 37800),
(2052, 17, 76, 1, 40800),
(2053, 17, 77, 1, 44400),
(2054, 17, 78, 1, 48600),
(2055, 17, 79, 1, 49440),
(2056, 17, 80, 1, 54000),
(2057, 17, 81, 1, 60000),
(2058, 17, 82, 1, 60840),
(2059, 17, 83, 1, 63000),
(2060, 17, 84, 1, 67200),
(2061, 17, 85, 1, 69600),
(2062, 19, 66, 1, 18660),
(2063, 19, 67, 1, 20220),
(2064, 19, 68, 1, 21720),
(2065, 19, 69, 1, 23520),
(2066, 19, 70, 1, 24840),
(2067, 19, 71, 1, 26160),
(2068, 19, 72, 1, 28920),
(2069, 19, 73, 1, 31020),
(2070, 19, 74, 1, 34860),
(2071, 19, 75, 1, 37860),
(2072, 19, 76, 1, 40860),
(2073, 19, 77, 1, 44460),
(2074, 19, 78, 1, 48660),
(2075, 19, 79, 1, 49500),
(2076, 19, 80, 1, 54060),
(2077, 19, 81, 1, 60060),
(2078, 19, 82, 1, 60900),
(2079, 19, 83, 1, 63060),
(2080, 19, 84, 1, 67260),
(2081, 19, 85, 1, 69660),
(2082, 21, 66, 1, 18720),
(2083, 21, 67, 1, 20280),
(2084, 21, 68, 1, 21780),
(2085, 21, 69, 1, 23580),
(2086, 21, 70, 1, 24900),
(2087, 21, 71, 1, 26220),
(2088, 21, 72, 1, 28980),
(2089, 21, 73, 1, 31080),
(2090, 21, 74, 1, 34920),
(2091, 21, 75, 1, 37920),
(2092, 21, 76, 1, 40920),
(2093, 21, 77, 1, 44520),
(2094, 21, 78, 1, 48720),
(2095, 21, 79, 1, 49560),
(2096, 21, 80, 1, 54120),
(2097, 21, 81, 1, 60120),
(2098, 21, 82, 1, 60960),
(2099, 21, 83, 1, 63120),
(2100, 21, 84, 1, 67320),
(2101, 21, 85, 1, 69720),
(2102, 23, 66, 1, 18780),
(2103, 23, 67, 1, 20340),
(2104, 23, 68, 1, 21840),
(2105, 23, 69, 1, 23640),
(2106, 23, 70, 1, 24960),
(2107, 23, 71, 1, 26280),
(2108, 23, 72, 1, 29040),
(2109, 23, 73, 1, 31140),
(2110, 23, 74, 1, 34980),
(2111, 23, 75, 1, 37980),
(2112, 23, 76, 1, 40980),
(2113, 23, 77, 1, 44580),
(2114, 23, 78, 1, 48780),
(2115, 23, 79, 1, 49620),
(2116, 23, 80, 1, 54180),
(2117, 23, 81, 1, 60180),
(2118, 23, 82, 1, 61020),
(2119, 23, 83, 1, 63180),
(2120, 23, 84, 1, 67380),
(2121, 23, 85, 1, 69780),
(2142, 25, 66, 1, 18840),
(2143, 25, 67, 1, 20400),
(2144, 25, 68, 1, 21900),
(2145, 25, 69, 1, 23700),
(2146, 25, 70, 1, 25020),
(2147, 25, 71, 1, 26340),
(2148, 25, 72, 1, 29100),
(2149, 25, 73, 1, 31200),
(2150, 25, 74, 1, 35040),
(2151, 25, 75, 1, 38040),
(2152, 25, 76, 1, 41040),
(2153, 25, 77, 1, 44640),
(2154, 25, 78, 1, 48840),
(2155, 25, 79, 1, 49680),
(2156, 25, 80, 1, 54240),
(2157, 25, 81, 1, 60240),
(2158, 25, 82, 1, 61080);
INSERT INTO `Departure` (`departure_id`, `departure_bus_stop_number`, `departure_track_id`, `departure_bus_line_id`, `time_in_sec`) VALUES
(2159, 25, 83, 1, 63240),
(2160, 25, 84, 1, 67440),
(2161, 25, 85, 1, 69840),
(2162, 27, 66, 1, 18900),
(2163, 27, 67, 1, 20460),
(2164, 27, 68, 1, 21960),
(2165, 27, 69, 1, 23760),
(2166, 27, 70, 1, 25080),
(2167, 27, 71, 1, 26400),
(2168, 27, 72, 1, 29160),
(2169, 27, 73, 1, 31260),
(2170, 27, 74, 1, 35100),
(2171, 27, 75, 1, 38100),
(2172, 27, 76, 1, 41100),
(2173, 27, 77, 1, 44700),
(2174, 27, 78, 1, 48900),
(2175, 27, 79, 1, 49740),
(2176, 27, 80, 1, 54300),
(2177, 27, 81, 1, 60300),
(2178, 27, 82, 1, 61140),
(2179, 27, 83, 1, 63300),
(2180, 27, 84, 1, 67500),
(2181, 27, 85, 1, 69900),
(2182, 29, 66, 1, 18960),
(2183, 29, 67, 1, 20520),
(2184, 29, 68, 1, 22020),
(2185, 29, 69, 1, 23820),
(2186, 29, 70, 1, 25140),
(2187, 29, 71, 1, 26460),
(2188, 29, 72, 1, 29220),
(2189, 29, 73, 1, 31320),
(2190, 29, 74, 1, 35160),
(2191, 29, 75, 1, 38160),
(2192, 29, 76, 1, 41160),
(2193, 29, 77, 1, 44760),
(2194, 29, 78, 1, 48960),
(2195, 29, 79, 1, 49800),
(2196, 29, 80, 1, 54360),
(2197, 29, 81, 1, 60360),
(2198, 29, 82, 1, 61200),
(2199, 29, 83, 1, 63360),
(2200, 29, 84, 1, 67560),
(2201, 29, 85, 1, 69960),
(2202, 31, 66, 1, 19020),
(2203, 31, 67, 1, 20580),
(2204, 31, 68, 1, 22080),
(2205, 31, 69, 1, 23880),
(2206, 31, 70, 1, 25200),
(2207, 31, 71, 1, 26520),
(2208, 31, 72, 1, 29280),
(2209, 31, 73, 1, 31380),
(2210, 31, 74, 1, 35220),
(2211, 31, 75, 1, 38220),
(2212, 31, 76, 1, 41220),
(2213, 31, 77, 1, 44820),
(2214, 31, 78, 1, 49020),
(2215, 31, 79, 1, 49860),
(2216, 31, 80, 1, 54420),
(2217, 31, 81, 1, 60420),
(2218, 31, 82, 1, 61260),
(2219, 31, 83, 1, 63420),
(2220, 31, 84, 1, 67620),
(2221, 31, 85, 1, 70020),
(2222, 33, 66, 1, 19080),
(2223, 33, 67, 1, 20640),
(2224, 33, 68, 1, 22140),
(2225, 33, 69, 1, 23940),
(2226, 33, 70, 1, 25260),
(2227, 33, 71, 1, 26580),
(2228, 33, 72, 1, 29340),
(2229, 33, 73, 1, 31440),
(2230, 33, 74, 1, 35280),
(2231, 33, 75, 1, 38280),
(2232, 33, 76, 1, 41280),
(2233, 33, 77, 1, 44880),
(2234, 33, 78, 1, 49080),
(2235, 33, 79, 1, 49920),
(2236, 33, 80, 1, 54480),
(2237, 33, 81, 1, 60480),
(2238, 33, 82, 1, 61320),
(2239, 33, 83, 1, 63480),
(2240, 33, 84, 1, 67680),
(2241, 33, 85, 1, 70080),
(2242, 35, 66, 1, 19140),
(2243, 35, 67, 1, 20700),
(2244, 35, 68, 1, 22200),
(2245, 35, 69, 1, 24000),
(2246, 35, 70, 1, 25320),
(2247, 35, 71, 1, 26640),
(2248, 35, 72, 1, 29400),
(2249, 35, 73, 1, 31500),
(2250, 35, 74, 1, 35340),
(2251, 35, 75, 1, 38340),
(2252, 35, 76, 1, 41340),
(2253, 35, 77, 1, 44940),
(2254, 35, 78, 1, 49140),
(2255, 35, 79, 1, 49980),
(2256, 35, 80, 1, 54540),
(2257, 35, 81, 1, 60540),
(2258, 35, 82, 1, 61380),
(2259, 35, 83, 1, 63540),
(2260, 35, 84, 1, 67740),
(2261, 35, 85, 1, 70140),
(2262, 37, 66, 1, 19200),
(2263, 37, 67, 1, 20760),
(2264, 37, 68, 1, 22260),
(2265, 37, 69, 1, 24060),
(2266, 37, 70, 1, 25380),
(2267, 37, 71, 1, 26700),
(2268, 37, 72, 1, 29460),
(2269, 37, 73, 1, 31560),
(2270, 37, 74, 1, 35400),
(2271, 37, 75, 1, 38400),
(2272, 37, 76, 1, 41400),
(2273, 37, 77, 1, 45000),
(2274, 37, 78, 1, 49200),
(2275, 37, 79, 1, 50040),
(2276, 37, 80, 1, 54600),
(2277, 37, 81, 1, 60600),
(2278, 37, 82, 1, 61440),
(2279, 37, 83, 1, 63600),
(2280, 37, 84, 1, 67800),
(2281, 37, 85, 1, 70200),
(2282, 39, 66, 1, 19260),
(2283, 39, 67, 1, 20820),
(2284, 39, 68, 1, 22320),
(2285, 39, 69, 1, 24120),
(2286, 39, 70, 1, 25440),
(2287, 39, 71, 1, 26760),
(2288, 39, 72, 1, 29520),
(2289, 39, 73, 1, 31620),
(2290, 39, 74, 1, 35460),
(2291, 39, 75, 1, 38460),
(2292, 39, 76, 1, 41460),
(2293, 39, 77, 1, 45060),
(2294, 39, 78, 1, 49260),
(2295, 39, 79, 1, 50100),
(2296, 39, 80, 1, 54660),
(2297, 39, 81, 1, 60660),
(2298, 39, 82, 1, 61500),
(2299, 39, 83, 1, 63660),
(2300, 39, 84, 1, 67860),
(2301, 39, 85, 1, 70260),
(2302, 41, 66, 1, 19320),
(2303, 41, 67, 1, 20940),
(2304, 41, 68, 1, 22440),
(2305, 41, 69, 1, 24240),
(2306, 41, 70, 1, 25560),
(2307, 41, 71, 1, 26880),
(2308, 41, 72, 1, 29640),
(2309, 41, 73, 1, 31740),
(2310, 41, 74, 1, 35580),
(2311, 41, 75, 1, 38580),
(2312, 41, 76, 1, 41580),
(2313, 41, 77, 1, 45180),
(2314, 41, 78, 1, 49320),
(2315, 41, 79, 1, 50160),
(2316, 41, 80, 1, 54720),
(2317, 41, 81, 1, 60720),
(2318, 41, 82, 1, 61560),
(2319, 41, 83, 1, 63720),
(2320, 41, 84, 1, 67920),
(2321, 41, 85, 1, 70320),
(2322, 43, 66, 1, 19380),
(2323, 43, 67, 1, 21000),
(2324, 43, 68, 1, 22500),
(2325, 43, 69, 1, 24300),
(2326, 43, 70, 1, 25620),
(2327, 43, 71, 1, 26940),
(2328, 43, 72, 1, 29700),
(2329, 43, 73, 1, 31800),
(2330, 43, 74, 1, 35640),
(2331, 43, 75, 1, 38640),
(2332, 43, 76, 1, 41640),
(2333, 43, 77, 1, 45240),
(2334, 43, 78, 1, 49380),
(2335, 43, 79, 1, 50220),
(2336, 43, 80, 1, 54780),
(2337, 43, 81, 1, 60780),
(2338, 43, 82, 1, 61620),
(2339, 43, 83, 1, 63780),
(2340, 43, 84, 1, 67980),
(2341, 43, 85, 1, 70380),
(2342, 45, 66, 1, 19440),
(2343, 45, 67, 1, 21060),
(2344, 45, 68, 1, 22560),
(2345, 45, 69, 1, 24360),
(2346, 45, 70, 1, 25680),
(2347, 45, 71, 1, 27000),
(2348, 45, 72, 1, 29760),
(2349, 45, 73, 1, 31860),
(2350, 45, 74, 1, 35700),
(2351, 45, 75, 1, 38700),
(2352, 45, 76, 1, 41700),
(2353, 45, 77, 1, 45300),
(2354, 45, 78, 1, 49440),
(2355, 45, 79, 1, 50280),
(2356, 45, 80, 1, 54840),
(2357, 45, 81, 1, 60840),
(2358, 45, 82, 1, 61680),
(2359, 45, 83, 1, 63840),
(2360, 45, 84, 1, 68040),
(2361, 45, 85, 1, 70440),
(2362, 597, 66, 1, 19500),
(2363, 597, 67, 1, 21120),
(2364, 597, 68, 1, 22620),
(2365, 597, 69, 1, 24420),
(2366, 597, 70, 1, 25740),
(2367, 597, 71, 1, 27060),
(2368, 597, 72, 1, 29820),
(2369, 597, 73, 1, 31920),
(2370, 597, 74, 1, 35760),
(2371, 597, 75, 1, 38760),
(2372, 597, 76, 1, 41760),
(2373, 597, 77, 1, 45360),
(2374, 597, 78, 1, 49500),
(2375, 597, 79, 1, 50340),
(2376, 597, 80, 1, 54900),
(2377, 597, 81, 1, 60900),
(2378, 597, 82, 1, 61740),
(2379, 597, 83, 1, 63900),
(2380, 597, 84, 1, 68100),
(2381, 597, 85, 1, 70500),
(2382, 895, 66, 1, 19560),
(2383, 895, 67, 1, 21180),
(2384, 895, 68, 1, 22680),
(2385, 895, 69, 1, 24480),
(2386, 895, 70, 1, 25800),
(2387, 895, 71, 1, 27120),
(2388, 895, 72, 1, 29880),
(2389, 895, 73, 1, 31980),
(2390, 895, 74, 1, 35820),
(2391, 895, 75, 1, 38820),
(2392, 895, 76, 1, 41820),
(2393, 895, 77, 1, 45420),
(2394, 895, 78, 1, 49560),
(2395, 895, 79, 1, 50400),
(2396, 895, 80, 1, 54960),
(2397, 895, 81, 1, 60960),
(2398, 895, 82, 1, 61800),
(2399, 895, 83, 1, 63960),
(2400, 895, 84, 1, 68160),
(2401, 895, 85, 1, 70560),
(2402, 598, 66, 1, 19620),
(2403, 598, 67, 1, 21240),
(2404, 598, 68, 1, 22740),
(2405, 598, 69, 1, 24540),
(2406, 598, 70, 1, 25860),
(2407, 598, 71, 1, 27180),
(2408, 598, 72, 1, 29940),
(2409, 598, 73, 1, 32040),
(2410, 598, 74, 1, 35880),
(2411, 598, 75, 1, 38880),
(2412, 598, 76, 1, 41880),
(2413, 598, 77, 1, 45480),
(2414, 598, 78, 1, 49620),
(2415, 598, 79, 1, 50460),
(2416, 598, 80, 1, 55020),
(2417, 598, 81, 1, 61020),
(2418, 598, 82, 1, 61860),
(2419, 598, 83, 1, 64020),
(2420, 598, 84, 1, 68220),
(2421, 598, 85, 1, 70620),
(2422, 599, 66, 1, 19680),
(2423, 599, 67, 1, 21300),
(2424, 599, 68, 1, 22800),
(2425, 599, 69, 1, 24600),
(2426, 599, 70, 1, 25920),
(2427, 599, 71, 1, 27240),
(2428, 599, 72, 1, 30000),
(2429, 599, 73, 1, 32100),
(2430, 599, 74, 1, 35940),
(2431, 599, 75, 1, 38940),
(2432, 599, 76, 1, 41940),
(2433, 599, 77, 1, 45540),
(2434, 599, 78, 1, 49680),
(2435, 599, 79, 1, 50520),
(2436, 599, 80, 1, 55080),
(2437, 599, 81, 1, 61080),
(2438, 599, 82, 1, 61920),
(2439, 599, 83, 1, 64080),
(2440, 599, 84, 1, 68280),
(2441, 599, 85, 1, 70680),
(2442, 921, 66, 1, 19740),
(2443, 921, 67, 1, 21360),
(2444, 921, 68, 1, 22860),
(2445, 921, 69, 1, 24660),
(2446, 921, 70, 1, 25980),
(2447, 921, 71, 1, 27300),
(2448, 921, 72, 1, 30060),
(2449, 921, 73, 1, 32160),
(2450, 921, 74, 1, 36000),
(2451, 921, 75, 1, 39000),
(2452, 921, 76, 1, 42000),
(2453, 921, 77, 1, 45600),
(2454, 921, 78, 1, 49740),
(2455, 921, 79, 1, 50580),
(2456, 921, 80, 1, 55140),
(2457, 921, 81, 1, 61140),
(2458, 921, 83, 1, 64140),
(2459, 921, 84, 1, 68340),
(2460, 921, 85, 1, 70740),
(2461, 922, 66, 1, 19800),
(2462, 922, 67, 1, 21420),
(2463, 922, 68, 1, 22920),
(2464, 922, 69, 1, 24720),
(2465, 922, 70, 1, 26040),
(2466, 922, 71, 1, 27360),
(2467, 922, 72, 1, 30120),
(2468, 922, 73, 1, 32220),
(2469, 922, 74, 1, 36060),
(2470, 922, 75, 1, 39060),
(2471, 922, 76, 1, 42060),
(2472, 922, 77, 1, 45660),
(2473, 922, 78, 1, 49800),
(2474, 922, 79, 1, 50640),
(2475, 922, 80, 1, 55200),
(2476, 922, 81, 1, 61200),
(2477, 922, 83, 1, 64200),
(2478, 922, 84, 1, 68400),
(2479, 922, 85, 1, 70800),
(2480, 923, 66, 1, 19860),
(2481, 923, 67, 1, 21480),
(2482, 923, 68, 1, 22980),
(2483, 923, 69, 1, 24780),
(2484, 923, 70, 1, 26100),
(2485, 923, 71, 1, 27420),
(2486, 923, 72, 1, 30180),
(2487, 923, 73, 1, 32280),
(2488, 923, 74, 1, 36120),
(2489, 923, 75, 1, 39120),
(2490, 923, 76, 1, 42120),
(2491, 923, 77, 1, 45720),
(2492, 923, 78, 1, 49860),
(2493, 923, 79, 1, 50700),
(2494, 923, 80, 1, 55260),
(2495, 923, 81, 1, 61260),
(2496, 923, 83, 1, 64260),
(2497, 923, 84, 1, 68460),
(2498, 923, 85, 1, 70860),
(2499, 103, 66, 1, 19920),
(2500, 103, 67, 1, 21540),
(2501, 103, 68, 1, 23040),
(2502, 103, 69, 1, 24840),
(2503, 103, 70, 1, 26160),
(2504, 103, 71, 1, 27480),
(2505, 103, 72, 1, 30240),
(2506, 103, 73, 1, 32340),
(2507, 103, 74, 1, 36180),
(2508, 103, 75, 1, 39180),
(2509, 103, 76, 1, 42180),
(2510, 103, 77, 1, 45780),
(2511, 103, 78, 1, 49920),
(2512, 103, 79, 1, 50760),
(2513, 103, 80, 1, 55380),
(2514, 103, 81, 1, 61380),
(2515, 103, 83, 1, 64380),
(2516, 103, 84, 1, 68520),
(2517, 103, 85, 1, 70920),
(2518, 131, 66, 1, 20040),
(2519, 131, 67, 1, 21660),
(2520, 131, 68, 1, 23160),
(2521, 131, 69, 1, 24960),
(2522, 131, 70, 1, 26280),
(2523, 131, 71, 1, 27600),
(2524, 131, 72, 1, 30360),
(2525, 131, 73, 1, 32460),
(2526, 131, 74, 1, 36300),
(2527, 131, 75, 1, 39300),
(2528, 131, 76, 1, 42300),
(2529, 131, 77, 1, 45900),
(2530, 131, 78, 1, 50100),
(2531, 131, 79, 1, 50940),
(2532, 131, 80, 1, 55560),
(2533, 131, 81, 1, 61500),
(2534, 131, 83, 1, 64500),
(2535, 131, 84, 1, 68640),
(2536, 131, 85, 1, 71040),
(2537, 133, 66, 1, 20160),
(2538, 133, 67, 1, 21780),
(2539, 133, 68, 1, 23280),
(2540, 133, 69, 1, 25080),
(2541, 133, 70, 1, 26400),
(2542, 133, 71, 1, 27720),
(2543, 133, 72, 1, 30480),
(2544, 133, 73, 1, 32580),
(2545, 133, 74, 1, 36420),
(2546, 133, 75, 1, 39420),
(2547, 133, 76, 1, 42420),
(2548, 133, 77, 1, 46020),
(2549, 133, 78, 1, 50220),
(2550, 133, 79, 1, 51060),
(2551, 133, 80, 1, 55680),
(2552, 133, 81, 1, 61620),
(2553, 133, 83, 1, 64620),
(2554, 133, 84, 1, 68760),
(2555, 133, 85, 1, 71160),
(2556, 508, 66, 1, 20280),
(2557, 508, 67, 1, 21900),
(2558, 508, 68, 1, 23400),
(2559, 508, 69, 1, 25200),
(2560, 508, 70, 1, 26520),
(2561, 508, 71, 1, 27840),
(2562, 508, 72, 1, 30600),
(2563, 508, 73, 1, 32700),
(2564, 508, 74, 1, 36540),
(2565, 508, 75, 1, 39540),
(2566, 508, 76, 1, 42540),
(2567, 508, 77, 1, 46140),
(2568, 508, 78, 1, 50340),
(2569, 508, 79, 1, 51180),
(2570, 508, 80, 1, 55800),
(2571, 508, 81, 1, 61740),
(2572, 508, 83, 1, 64740),
(2573, 508, 84, 1, 68880),
(2574, 508, 85, 1, 71280),
(2575, 135, 66, 1, 20460),
(2576, 135, 68, 1, 23580),
(2577, 135, 70, 1, 26700),
(2578, 135, 71, 1, 28020),
(2579, 135, 78, 1, 50520),
(2580, 135, 79, 1, 51360),
(2581, 324, 68, 1, 23640),
(2582, 324, 71, 1, 28080),
(2583, 324, 79, 1, 51420),
(2584, 325, 68, 1, 23700),
(2585, 325, 71, 1, 28140),
(2586, 325, 79, 1, 51480),
(2587, 329, 68, 1, 23820),
(2588, 329, 71, 1, 28260),
(2589, 329, 79, 1, 51600),
(2590, 924, 66, 1, 20520),
(2591, 924, 68, 1, 23880),
(2592, 924, 70, 1, 26760),
(2593, 924, 71, 1, 28320),
(2594, 924, 78, 1, 50580),
(2595, 924, 79, 1, 51660),
(2596, 912, 86, 1, 73200),
(2597, 912, 87, 1, 77700),
(2598, 912, 88, 1, 82200),
(2599, 912, 89, 1, 87000),
(2600, 912, 90, 1, 24000),
(2601, 912, 91, 1, 28740),
(2602, 912, 92, 1, 34800),
(2603, 912, 93, 1, 38700),
(2604, 912, 94, 1, 42300),
(2605, 912, 95, 1, 48900),
(2614, 912, 96, 1, 51300),
(2615, 912, 97, 1, 56400),
(2616, 912, 98, 1, 58800),
(2617, 912, 99, 1, 66900),
(2618, 912, 100, 1, 69900),
(2619, 912, 101, 1, 72600),
(2620, 912, 102, 1, 78300),
(2621, 912, 103, 1, 87000),
(2622, 925, 96, 1, 51360),
(2623, 925, 97, 1, 56460),
(2624, 925, 98, 1, 58860),
(2625, 925, 99, 1, 66960),
(2626, 925, 100, 1, 69960),
(2627, 925, 101, 1, 72660),
(2628, 925, 102, 1, 78360),
(2629, 925, 103, 1, 87060),
(2630, 13, 86, 1, 73320),
(2631, 13, 87, 1, 77820),
(2632, 13, 88, 1, 82320),
(2633, 13, 89, 1, 87120),
(2634, 13, 90, 1, 24120),
(2635, 13, 91, 1, 28860),
(2636, 13, 92, 1, 34920),
(2637, 13, 93, 1, 38820),
(2638, 13, 94, 1, 42420),
(2639, 13, 95, 1, 49020),
(2640, 13, 96, 1, 51420),
(2641, 13, 97, 1, 56520),
(2642, 13, 98, 1, 58920),
(2643, 13, 99, 1, 67020),
(2644, 13, 100, 1, 70020),
(2645, 13, 101, 1, 72720),
(2646, 13, 102, 1, 78420),
(2647, 13, 103, 1, 87120),
(2648, 15, 86, 1, 73380),
(2649, 15, 87, 1, 77880),
(2650, 15, 88, 1, 82380),
(2666, 15, 89, 1, 87180),
(2667, 15, 90, 1, 24180),
(2668, 15, 91, 1, 28920),
(2669, 15, 92, 1, 34980),
(2670, 15, 93, 1, 38880),
(2671, 15, 94, 1, 42480),
(2672, 15, 95, 1, 49080),
(2673, 15, 96, 1, 51480),
(2674, 15, 97, 1, 56580),
(2675, 15, 98, 1, 58980),
(2676, 15, 99, 1, 67080),
(2677, 15, 100, 1, 70080),
(2678, 15, 101, 1, 72780),
(2679, 15, 102, 1, 78480),
(2680, 15, 103, 1, 87180),
(2681, 908, 86, 1, 73440),
(2682, 908, 87, 1, 77940),
(2683, 908, 88, 1, 82440),
(2684, 908, 89, 1, 87240),
(2685, 908, 91, 1, 28980),
(2686, 908, 93, 1, 38940),
(2687, 908, 94, 1, 42540),
(2688, 908, 95, 1, 49140),
(2689, 908, 97, 1, 56640),
(2690, 908, 98, 1, 59040),
(2691, 908, 99, 1, 67140),
(2692, 908, 100, 1, 70140),
(2693, 908, 101, 1, 72840),
(2694, 908, 102, 1, 78540),
(2695, 908, 103, 1, 87240),
(2696, 909, 86, 1, 73560),
(2697, 909, 87, 1, 78060),
(2698, 909, 88, 1, 82560),
(2699, 909, 89, 1, 87360),
(2700, 909, 91, 1, 29040),
(2701, 909, 93, 1, 39000),
(2702, 909, 94, 1, 42600),
(2703, 909, 95, 1, 49200),
(2704, 909, 97, 1, 56700),
(2705, 909, 98, 1, 59100),
(2706, 909, 99, 1, 67200),
(2707, 909, 100, 1, 70200),
(2708, 909, 101, 1, 72900),
(2709, 909, 102, 1, 78600),
(2710, 909, 103, 1, 87300),
(2711, 910, 86, 1, 73680),
(2712, 910, 87, 1, 78180),
(2713, 910, 88, 1, 82680),
(2714, 910, 89, 1, 87480),
(2715, 910, 91, 1, 29160),
(2716, 910, 93, 1, 39120),
(2717, 910, 94, 1, 42720),
(2718, 910, 95, 1, 49320),
(2719, 910, 97, 1, 56820),
(2720, 910, 98, 1, 59220),
(2721, 910, 99, 1, 67320),
(2722, 910, 100, 1, 70320),
(2723, 910, 101, 1, 73020),
(2724, 910, 102, 1, 78720),
(2725, 910, 103, 1, 87420),
(2726, 17, 86, 1, 73800),
(2727, 17, 87, 1, 78300),
(2728, 17, 88, 1, 82800),
(2729, 17, 89, 1, 87540),
(2730, 17, 90, 1, 24240),
(2731, 17, 91, 1, 29220),
(2732, 17, 92, 1, 35040),
(2733, 17, 93, 1, 39180),
(2734, 17, 94, 1, 42780),
(2735, 17, 95, 1, 49380),
(2736, 17, 96, 1, 51540),
(2737, 17, 97, 1, 56880),
(2738, 17, 98, 1, 59280),
(2739, 17, 99, 1, 67380),
(2740, 17, 100, 1, 70380),
(2741, 17, 101, 1, 73080),
(2742, 17, 102, 1, 78780),
(2743, 17, 103, 1, 87480),
(2744, 19, 86, 1, 73860),
(2745, 19, 87, 1, 78360),
(2746, 19, 88, 1, 82860),
(2747, 19, 89, 1, 87600),
(2748, 19, 90, 1, 24300),
(2749, 19, 91, 1, 29280),
(2750, 19, 92, 1, 35100),
(2751, 19, 93, 1, 39240),
(2752, 19, 94, 1, 42840),
(2753, 19, 95, 1, 49440),
(2754, 19, 96, 1, 51600),
(2755, 19, 97, 1, 56940),
(2756, 19, 98, 1, 59340),
(2757, 19, 99, 1, 67440),
(2758, 19, 100, 1, 70440),
(2759, 19, 101, 1, 73140),
(2760, 19, 102, 1, 78840),
(2761, 19, 103, 1, 87540),
(2762, 21, 86, 1, 73920),
(2763, 21, 87, 1, 78420),
(2764, 21, 88, 1, 82920),
(2765, 21, 89, 1, 87660),
(2766, 21, 90, 1, 24360),
(2767, 21, 91, 1, 29340),
(2768, 21, 92, 1, 35160),
(2769, 21, 93, 1, 39300),
(2770, 21, 94, 1, 42900),
(2771, 21, 95, 1, 49500),
(2772, 21, 96, 1, 51660),
(2773, 21, 97, 1, 57000),
(2774, 21, 98, 1, 59400),
(2775, 21, 99, 1, 67500),
(2776, 21, 100, 1, 70500),
(2777, 21, 101, 1, 73200),
(2778, 21, 102, 1, 78900),
(2779, 21, 103, 1, 87600),
(2780, 23, 86, 1, 73980),
(2781, 23, 87, 1, 78480),
(2782, 23, 88, 1, 82980),
(2783, 23, 89, 1, 87720),
(2784, 23, 90, 1, 24420),
(2785, 23, 91, 1, 29400),
(2786, 23, 92, 1, 35220),
(2787, 23, 93, 1, 39360),
(2788, 23, 94, 1, 42960),
(2789, 23, 95, 1, 49560),
(2790, 23, 96, 1, 51720),
(2791, 23, 97, 1, 57060),
(2792, 23, 98, 1, 59460),
(2793, 23, 99, 1, 67560),
(2794, 23, 100, 1, 70560),
(2795, 23, 101, 1, 73260),
(2796, 23, 102, 1, 78960),
(2797, 23, 103, 1, 87660),
(2798, 25, 86, 1, 74040),
(2799, 25, 87, 1, 78540),
(2800, 25, 88, 1, 83040),
(2801, 25, 89, 1, 87780),
(2802, 25, 90, 1, 24480),
(2803, 25, 91, 1, 29460),
(2804, 25, 92, 1, 35280),
(2805, 25, 93, 1, 39420),
(2806, 25, 94, 1, 43020),
(2807, 25, 95, 1, 49620),
(2808, 25, 96, 1, 51780),
(2809, 25, 97, 1, 57120),
(2810, 25, 98, 1, 59520),
(2811, 25, 99, 1, 67620),
(2812, 25, 100, 1, 70620),
(2813, 25, 101, 1, 73320),
(2814, 25, 102, 1, 79020),
(2815, 25, 103, 1, 87720),
(2816, 27, 86, 1, 74100),
(2817, 27, 87, 1, 78600),
(2818, 27, 88, 1, 83100),
(2819, 27, 89, 1, 87840),
(2820, 27, 90, 1, 24540),
(2821, 27, 91, 1, 29520),
(2822, 27, 92, 1, 35340),
(2823, 27, 93, 1, 39480),
(2824, 27, 94, 1, 43080),
(2825, 27, 95, 1, 49680),
(2826, 27, 96, 1, 51840),
(2827, 27, 97, 1, 57180),
(2828, 27, 98, 1, 59580),
(2829, 27, 99, 1, 67680),
(2830, 27, 100, 1, 70680),
(2831, 27, 101, 1, 73380),
(2832, 27, 102, 1, 79080),
(2833, 27, 103, 1, 87780),
(2834, 29, 86, 1, 74160),
(2835, 29, 87, 1, 78660),
(2836, 29, 88, 1, 83160),
(2837, 29, 89, 1, 87900),
(2838, 29, 90, 1, 24600),
(2839, 29, 91, 1, 29580),
(2840, 29, 92, 1, 35400),
(2841, 29, 93, 1, 39540),
(2842, 29, 94, 1, 43140),
(2843, 29, 95, 1, 49740),
(2844, 29, 96, 1, 51900),
(2845, 29, 97, 1, 57240),
(2846, 29, 98, 1, 59640),
(2847, 29, 99, 1, 67740),
(2848, 29, 100, 1, 70740),
(2849, 29, 101, 1, 73440),
(2850, 29, 102, 1, 79140),
(2851, 29, 103, 1, 87840),
(2852, 31, 86, 1, 74220),
(2853, 31, 87, 1, 78720),
(2854, 31, 88, 1, 83220),
(2855, 31, 89, 1, 87960),
(2856, 31, 90, 1, 24660),
(2857, 31, 91, 1, 29640),
(2858, 31, 92, 1, 35460),
(2859, 31, 93, 1, 39600),
(2860, 31, 94, 1, 43200),
(2861, 31, 95, 1, 49800),
(2862, 31, 96, 1, 51960),
(2863, 31, 97, 1, 57300),
(2864, 31, 98, 1, 59700),
(2865, 31, 99, 1, 67800),
(2866, 31, 100, 1, 70800),
(2867, 31, 101, 1, 73500),
(2868, 31, 102, 1, 79200),
(2869, 31, 103, 1, 87900),
(2870, 33, 86, 1, 74280),
(2871, 33, 87, 1, 78780),
(2872, 33, 88, 1, 83280),
(2873, 33, 89, 1, 88020),
(2874, 33, 90, 1, 24720),
(2875, 33, 91, 1, 29700),
(2876, 33, 92, 1, 35520),
(2877, 33, 93, 1, 39660),
(2878, 33, 94, 1, 43260),
(2879, 33, 95, 1, 49860),
(2880, 33, 96, 1, 52020),
(2881, 33, 97, 1, 57360),
(2882, 33, 98, 1, 59760),
(2883, 33, 99, 1, 67860),
(2884, 33, 100, 1, 70860),
(2885, 33, 101, 1, 73560),
(2886, 33, 102, 1, 79260),
(2887, 33, 103, 1, 87960),
(2888, 35, 86, 1, 74340),
(2889, 35, 87, 1, 78840),
(2890, 35, 88, 1, 83340),
(2891, 35, 89, 1, 88080),
(2892, 35, 90, 1, 24780),
(2893, 35, 91, 1, 29760),
(2894, 35, 92, 1, 35580),
(2895, 35, 93, 1, 39720),
(2896, 35, 94, 1, 43320),
(2897, 35, 95, 1, 49920),
(2898, 35, 96, 1, 52080),
(2899, 35, 97, 1, 57420),
(2900, 35, 98, 1, 59820),
(2901, 35, 99, 1, 67920),
(2902, 35, 100, 1, 70920),
(2903, 35, 101, 1, 73620),
(2904, 35, 102, 1, 79320),
(2905, 35, 103, 1, 88020),
(2906, 37, 86, 1, 74400),
(2907, 37, 87, 1, 78900),
(2908, 37, 88, 1, 83400),
(2909, 37, 89, 1, 88140),
(2910, 37, 90, 1, 24840),
(2911, 37, 91, 1, 29820),
(2912, 37, 92, 1, 35640),
(2913, 37, 93, 1, 39780),
(2914, 37, 94, 1, 43380),
(2915, 37, 95, 1, 49980),
(2916, 37, 96, 1, 52140),
(2917, 37, 97, 1, 57480),
(2918, 37, 98, 1, 59880),
(2919, 37, 99, 1, 67980),
(2920, 37, 100, 1, 70980),
(2921, 37, 101, 1, 73680),
(2922, 37, 102, 1, 79380),
(2923, 37, 103, 1, 88080),
(2924, 39, 86, 1, 74460),
(2925, 39, 87, 1, 78960),
(2926, 39, 88, 1, 83460),
(2927, 39, 89, 1, 88200),
(2928, 39, 90, 1, 24900),
(2929, 39, 91, 1, 29880),
(2930, 39, 92, 1, 35700),
(2931, 39, 93, 1, 39840),
(2932, 39, 94, 1, 43440),
(2933, 39, 95, 1, 50040),
(2934, 39, 96, 1, 52200),
(2935, 39, 97, 1, 57540),
(2936, 39, 98, 1, 59940),
(2937, 39, 99, 1, 68040),
(2938, 39, 100, 1, 71040),
(2939, 39, 101, 1, 73740),
(2940, 39, 102, 1, 79440),
(2941, 39, 103, 1, 88140),
(2942, 41, 86, 1, 74520),
(2943, 41, 87, 1, 79020),
(2944, 41, 88, 1, 83520),
(2945, 41, 89, 1, 88260),
(2946, 41, 90, 1, 24960),
(2947, 41, 91, 1, 29940),
(2948, 41, 92, 1, 35760),
(2949, 41, 93, 1, 39900),
(2950, 41, 94, 1, 43500),
(2951, 41, 95, 1, 50100),
(2952, 41, 96, 1, 52260),
(2953, 41, 97, 1, 57600),
(2954, 41, 98, 1, 60000),
(2955, 41, 99, 1, 68100),
(2956, 41, 100, 1, 71100),
(2957, 41, 101, 1, 73800),
(2958, 41, 102, 1, 79500),
(2959, 41, 103, 1, 88200),
(2960, 43, 86, 1, 74580),
(2961, 43, 87, 1, 79080),
(2962, 43, 88, 1, 83580),
(2963, 43, 89, 1, 88320),
(2964, 43, 90, 1, 25020),
(2965, 43, 91, 1, 30000),
(2966, 43, 92, 1, 35820),
(2967, 43, 93, 1, 39960),
(2968, 43, 94, 1, 43560),
(2969, 43, 95, 1, 50160),
(2970, 43, 96, 1, 52320),
(2971, 43, 97, 1, 57660),
(2972, 43, 98, 1, 60060),
(2973, 43, 99, 1, 68160),
(2974, 43, 100, 1, 71160),
(2975, 43, 101, 1, 73860),
(2976, 43, 102, 1, 79560),
(2977, 43, 103, 1, 88260),
(2978, 45, 86, 1, 74640),
(2979, 45, 87, 1, 79140),
(2980, 45, 88, 1, 83640),
(2981, 45, 89, 1, 88380),
(2982, 45, 90, 1, 25080),
(2983, 45, 91, 1, 30060),
(2984, 45, 92, 1, 35880),
(2985, 45, 93, 1, 40020),
(2986, 45, 94, 1, 43620),
(2987, 45, 95, 1, 50220),
(2988, 45, 96, 1, 52380),
(2989, 45, 97, 1, 57720),
(2990, 45, 98, 1, 60120),
(2991, 45, 99, 1, 68220),
(2992, 45, 100, 1, 71220),
(2993, 45, 101, 1, 73920),
(2994, 45, 102, 1, 79620),
(2995, 45, 103, 1, 88320),
(2996, 597, 86, 1, 74700),
(2997, 597, 87, 1, 79200),
(2998, 597, 88, 1, 83700),
(2999, 597, 89, 1, 88440),
(3000, 597, 90, 1, 25140),
(3001, 597, 91, 1, 30120),
(3002, 597, 92, 1, 35940),
(3003, 597, 93, 1, 40080),
(3004, 597, 94, 1, 43680),
(3005, 597, 95, 1, 50280),
(3006, 597, 96, 1, 52440),
(3007, 597, 97, 1, 57780),
(3008, 597, 98, 1, 60180),
(3009, 597, 99, 1, 68280),
(3010, 597, 100, 1, 71280),
(3011, 597, 101, 1, 73980),
(3012, 597, 102, 1, 79680),
(3013, 597, 103, 1, 88380),
(3014, 895, 86, 1, 74760),
(3015, 895, 87, 1, 79260),
(3016, 895, 88, 1, 83760),
(3017, 895, 89, 1, 88500),
(3018, 895, 90, 1, 25200),
(3019, 895, 91, 1, 30180),
(3020, 895, 92, 1, 36000),
(3021, 895, 93, 1, 40140),
(3022, 895, 94, 1, 43740),
(3023, 895, 95, 1, 50340),
(3024, 895, 96, 1, 52500),
(3025, 895, 97, 1, 57840),
(3026, 895, 98, 1, 60240),
(3027, 895, 99, 1, 68340),
(3028, 895, 100, 1, 71340),
(3029, 895, 101, 1, 74040),
(3030, 895, 102, 1, 79740),
(3031, 895, 103, 1, 88440),
(3032, 598, 86, 1, 74820),
(3033, 598, 87, 1, 79320),
(3034, 598, 88, 1, 83820),
(3035, 598, 89, 1, 88560),
(3036, 598, 90, 1, 25260),
(3037, 598, 91, 1, 30240),
(3038, 598, 92, 1, 36060),
(3039, 598, 93, 1, 40200),
(3040, 598, 94, 1, 43800),
(3041, 598, 95, 1, 50400),
(3042, 598, 96, 1, 52560),
(3043, 598, 97, 1, 57900),
(3044, 598, 98, 1, 60300),
(3045, 598, 99, 1, 68400),
(3046, 598, 100, 1, 71400),
(3047, 598, 101, 1, 74100),
(3048, 598, 102, 1, 79800),
(3049, 598, 103, 1, 88500),
(3050, 599, 86, 1, 74880),
(3051, 599, 87, 1, 79380),
(3052, 599, 88, 1, 83880),
(3053, 599, 89, 1, 88620),
(3054, 599, 90, 1, 25320),
(3055, 599, 91, 1, 30300),
(3056, 599, 92, 1, 36120),
(3057, 599, 93, 1, 40260),
(3058, 599, 94, 1, 43860),
(3059, 599, 95, 1, 50460),
(3060, 599, 96, 1, 52620),
(3061, 599, 97, 1, 57960),
(3062, 599, 98, 1, 60360),
(3063, 599, 99, 1, 68460),
(3064, 599, 100, 1, 71460),
(3065, 599, 101, 1, 74160),
(3066, 599, 102, 1, 79860),
(3067, 599, 103, 1, 88560),
(3068, 921, 86, 1, 74940),
(3069, 921, 87, 1, 79440),
(3070, 921, 88, 1, 83940),
(3071, 921, 90, 1, 25380),
(3072, 921, 91, 1, 30360),
(3073, 921, 92, 1, 36180),
(3074, 921, 93, 1, 40320),
(3075, 921, 94, 1, 43920),
(3076, 921, 95, 1, 50520),
(3077, 921, 96, 1, 52680),
(3078, 921, 97, 1, 58020),
(3079, 921, 98, 1, 60420),
(3080, 921, 99, 1, 68520),
(3081, 921, 100, 1, 71520),
(3082, 921, 101, 1, 74220),
(3083, 921, 102, 1, 79920),
(3084, 922, 86, 1, 75000),
(3085, 922, 87, 1, 79500),
(3086, 922, 88, 1, 84000),
(3087, 922, 90, 1, 25440),
(3088, 922, 91, 1, 30420),
(3089, 922, 92, 1, 36240),
(3090, 922, 93, 1, 40380),
(3091, 922, 94, 1, 43980),
(3092, 922, 95, 1, 50580),
(3093, 922, 96, 1, 52740),
(3094, 922, 97, 1, 58080),
(3095, 922, 98, 1, 60480),
(3096, 922, 99, 1, 68580),
(3097, 922, 100, 1, 71580),
(3098, 922, 101, 1, 74280),
(3099, 922, 102, 1, 79980),
(3100, 923, 86, 1, 75060),
(3101, 923, 87, 1, 79560),
(3102, 923, 88, 1, 84060),
(3103, 923, 90, 1, 25500),
(3104, 923, 91, 1, 30480),
(3105, 923, 92, 1, 36300),
(3106, 923, 93, 1, 40440),
(3107, 923, 94, 1, 44040),
(3108, 923, 95, 1, 50640),
(3109, 923, 96, 1, 52800),
(3110, 923, 97, 1, 58140),
(3111, 923, 98, 1, 60540),
(3112, 923, 99, 1, 68640),
(3113, 923, 100, 1, 71640),
(3114, 923, 101, 1, 74340),
(3115, 923, 102, 1, 80040),
(3116, 103, 86, 1, 75120),
(3117, 103, 87, 1, 79620),
(3118, 103, 88, 1, 84120),
(3119, 103, 90, 1, 25560),
(3120, 103, 91, 1, 30540),
(3121, 103, 92, 1, 36360),
(3122, 103, 93, 1, 40500),
(3123, 103, 94, 1, 44100),
(3125, 103, 96, 1, 52860),
(3126, 103, 97, 1, 58200),
(3127, 103, 98, 1, 60600),
(3128, 103, 99, 1, 68700),
(3129, 103, 100, 1, 71700),
(3130, 103, 101, 1, 74400),
(3131, 103, 102, 1, 80100),
(3148, 131, 86, 1, 75240),
(3149, 131, 87, 1, 79740),
(3150, 131, 88, 1, 84240),
(3151, 131, 90, 1, 25620),
(3152, 131, 91, 1, 30660),
(3153, 131, 92, 1, 36480),
(3154, 131, 93, 1, 40620),
(3155, 131, 94, 1, 44220),
(3156, 131, 95, 1, 50820),
(3157, 131, 96, 1, 52980),
(3158, 131, 97, 1, 58320),
(3159, 131, 98, 1, 60720),
(3160, 131, 99, 1, 68820),
(3161, 131, 100, 1, 71820),
(3162, 131, 101, 1, 74460),
(3163, 131, 102, 1, 80160),
(3164, 133, 86, 1, 75360),
(3165, 133, 87, 1, 79860),
(3166, 133, 88, 1, 84360),
(3167, 133, 90, 1, 25740),
(3168, 133, 91, 1, 30780),
(3169, 133, 92, 1, 36600),
(3170, 133, 93, 1, 40740),
(3171, 133, 94, 1, 44340),
(3172, 133, 95, 1, 50940),
(3173, 133, 96, 1, 53100),
(3174, 133, 97, 1, 58440),
(3175, 133, 98, 1, 60840),
(3176, 133, 99, 1, 68940),
(3177, 133, 100, 1, 71940),
(3178, 133, 101, 1, 74580),
(3179, 133, 102, 1, 80280),
(3180, 508, 86, 1, 75480),
(3181, 508, 87, 1, 79980),
(3182, 508, 88, 1, 84480),
(3183, 508, 90, 1, 25860),
(3184, 508, 91, 1, 30900),
(3185, 508, 92, 1, 36720),
(3186, 508, 93, 1, 40860),
(3187, 508, 94, 1, 44460),
(3188, 508, 95, 1, 51060),
(3189, 508, 96, 1, 53220),
(3190, 508, 97, 1, 58560),
(3191, 508, 98, 1, 60960),
(3192, 508, 99, 1, 69060),
(3193, 508, 100, 1, 72060),
(3194, 508, 101, 1, 74700),
(3195, 508, 102, 1, 80400),
(3196, 135, 87, 1, 80160),
(3197, 135, 95, 1, 51240),
(3198, 924, 87, 1, 80220),
(3199, 924, 95, 1, 51300),
(3200, 925, 86, 1, 73260),
(3201, 925, 87, 1, 77760),
(3202, 925, 88, 1, 82260),
(3203, 925, 89, 1, 87060),
(3204, 925, 90, 1, 24060),
(3205, 925, 91, 1, 28800),
(3206, 925, 92, 1, 34860),
(3207, 925, 93, 1, 38760),
(3208, 925, 94, 1, 42360),
(3209, 925, 95, 1, 48960),
(3210, 909, 37, 1, 86400),
(3211, 32, 52, 1, 86400),
(3212, 39, 62, 1, 70620),
(3213, 41, 62, 1, 70680);

-- --------------------------------------------------------

--
-- Struktura tabeli dla tabeli `Destination`
--

CREATE TABLE `Destination` (
  `destination_id` int NOT NULL,
  `destination_name` text CHARACTER SET utf8mb4 COLLATE utf8mb4_0900_ai_ci NOT NULL
) ENGINE=InnoDB DEFAULT CHARSET=utf8mb4 COLLATE=utf8mb4_0900_ai_ci;

--
-- Zrzut danych tabeli `Destination`
--

INSERT INTO `Destination` (`destination_id`, `destination_name`) VALUES
(1, 'Jodłówka-Wałki'),
(2, 'Jodłówka-Wałki p. Szpic'),
(3, 'Górówka Zachodnia'),
(4, 'Jodłówka-Wałki p.Polmark, p.Górówka'),
(5, 'Górówka Zachodnia p.Jodłówka'),
(6, 'Tarnów, Sikorskiego'),
(7, 'Tarnów, Kochanowskiego-Chyszowska '),
(8, 'Tarnów, Orkana-Szkoła'),
(9, 'Tarnów, Sikorskiego p.Górówka, p.Polmark'),
(10, 'Tarnów, Kochanowskiego-Chyszowska p.Górówka, p.Polmark'),
(11, 'Tarnów, Kochanowskiego-Chyszowska p.Szpic'),
(12, 'Tarnów, Kochanowskiego-Chyszowska p.Szpic, p.Rozwojowa'),
(13, 'Tarnów, Sikorskiego p.Szpic'),
(14, 'Tarnów, Orkana-Szkoła p.Szpic'),
(15, 'Tarnów, Kochanowskiego-Chyszowska p.Rozwojowa');

-- --------------------------------------------------------

--
-- Struktura tabeli dla tabeli `Track`
--

CREATE TABLE `Track` (
  `track_id` int NOT NULL,
  `track_types` text CHARACTER SET utf8mb4 COLLATE utf8mb4_0900_ai_ci NOT NULL,
  `destination_status` int NOT NULL,
  `track_destination_id` text CHARACTER SET utf8mb4 COLLATE utf8mb4_0900_ai_ci NOT NULL
) ENGINE=InnoDB DEFAULT CHARSET=utf8mb4 COLLATE=utf8mb4_0900_ai_ci;

--
-- Zrzut danych tabeli `Track`
--

INSERT INTO `Track` (`track_id`, `track_types`, `destination_status`, `track_destination_id`) VALUES
(1, 'D', 1, '3'),
(2, 'D', 1, '4'),
(3, 'S', 1, '3'),
(4, 'D', 1, '3'),
(5, 'D', 1, '4'),
(6, 'D', 1, '4'),
(7, 'D', 1, '3'),
(8, 'D', 1, '4'),
(9, 'D', 1, '3'),
(10, 'D', 1, '4'),
(11, 'D', 1, '4'),
(12, 'D', 1, '4'),
(13, 'C', 1, '4'),
(14, 'C', 1, '4'),
(15, 'C', 1, '4'),
(16, 'D', 1, '1'),
(17, 'D', 1, '1'),
(18, 'D', 1, '1'),
(19, 'S', 1, '1'),
(20, 'D', 1, '1'),
(21, 'D', 1, '1'),
(22, 'D', 1, '1'),
(23, 'D', 1, '2'),
(24, 'D', 1, '1'),
(25, 'D', 1, '1'),
(26, 'D', 1, '2'),
(27, 'D', 1, '5'),
(28, 'D', 1, '5'),
(29, 'D', 1, '2'),
(30, 'D', 1, '1'),
(31, 'D', 1, '5'),
(32, 'D', 1, '1'),
(33, 'D', 1, '1'),
(34, 'D', 1, '2'),
(35, 'D', 1, '5'),
(36, 'D', 1, '1'),
(37, '1/2 2/3 3/4 4/5 5/6 Y', 1, '2'),
(38, 'C', 1, '1'),
(39, 'C', 1, '1'),
(40, 'C', 1, '1'),
(41, 'C', 1, '1'),
(42, 'C', 1, '1'),
(43, 'C', 1, '1'),
(44, 'C', 1, '1'),
(45, 'C', 1, '1'),
(46, 'C', 1, '1'),
(47, 'C', 1, '5'),
(48, 'C', 1, '1'),
(49, 'C', 1, '1'),
(50, 'C', 1, '1'),
(51, 'C', 1, '1'),
(52, '6/7 7/1', 1, '2'),
(53, 'D', 0, '9'),
(54, 'D', 0, '10'),
(55, 'D', 0, '9'),
(56, 'D', 0, '9'),
(57, 'D', 0, '6'),
(58, 'D', 0, '9'),
(59, 'D', 0, '9'),
(60, 'D', 0, '6'),
(61, 'D', 0, '9'),
(62, 'D', 0, '6'),
(63, 'C', 0, '9'),
(64, 'C', 0, '9'),
(65, 'C', 0, '9'),
(66, 'D', 0, '7'),
(67, 'D', 0, '13'),
(68, 'D', 0, '12'),
(69, 'D', 0, '13'),
(70, 'D', 0, '11'),
(71, 'D', 0, '15'),
(72, 'S', 0, '13'),
(73, 'D', 0, '13'),
(74, 'D', 0, '13'),
(75, 'D', 0, '13'),
(76, 'D', 0, '13'),
(77, 'D', 0, '13'),
(78, 'D', 0, '11'),
(79, 'D', 0, '15'),
(80, 'D', 0, '13'),
(81, 'D', 0, '13'),
(82, 'D', 0, '14'),
(83, 'D', 0, '13'),
(84, 'D', 0, '13'),
(85, 'D', 0, '13'),
(86, 'D', 0, '13'),
(87, 'D', 0, '11'),
(88, 'D', 0, '13'),
(89, '2-6 K', 0, '14'),
(90, 'C', 0, '6'),
(91, 'C', 0, '13'),
(92, 'C', 0, '6'),
(93, 'C', 0, '13'),
(94, 'C', 0, '13'),
(95, 'C', 0, '11'),
(96, 'C', 0, '6'),
(97, 'C', 0, '13'),
(98, 'C', 0, '13'),
(99, 'C', 0, '13'),
(100, 'C', 0, '13'),
(101, 'C', 0, '13'),
(102, 'C', 0, '13'),
(103, '7-1', 0, '14');

--
-- Indeksy dla zrzutów tabel
--

--
-- Indeksy dla tabeli `BusLine`
--
ALTER TABLE `BusLine`
  ADD PRIMARY KEY (`bus_line_id`);

--
-- Indeksy dla tabeli `BusStop`
--
ALTER TABLE `BusStop`
  ADD PRIMARY KEY (`bus_stop_number`);

--
-- Indeksy dla tabeli `Departure`
--
ALTER TABLE `Departure`
  ADD PRIMARY KEY (`departure_id`);

--
-- Indeksy dla tabeli `Destination`
--
ALTER TABLE `Destination`
  ADD PRIMARY KEY (`destination_id`);

--
-- Indeksy dla tabeli `Track`
--
ALTER TABLE `Track`
  ADD PRIMARY KEY (`track_id`);

--
-- AUTO_INCREMENT dla tabel zrzutów
--

--
-- AUTO_INCREMENT dla tabeli `Departure`
--
ALTER TABLE `Departure`
  MODIFY `departure_id` int NOT NULL AUTO_INCREMENT, AUTO_INCREMENT=3214;

--
-- AUTO_INCREMENT dla tabeli `Destination`
--
ALTER TABLE `Destination`
  MODIFY `destination_id` int NOT NULL AUTO_INCREMENT, AUTO_INCREMENT=18;
COMMIT;

/*!40101 SET CHARACTER_SET_CLIENT=@OLD_CHARACTER_SET_CLIENT */;
/*!40101 SET CHARACTER_SET_RESULTS=@OLD_CHARACTER_SET_RESULTS */;
/*!40101 SET COLLATION_CONNECTION=@OLD_COLLATION_CONNECTION */;
